news_up,news_flat,news_down,bbs_up,bbs_flat,bbs_down,forum_up,forum_flat,forum_down
億元,一覽表,招攬或邀請,進退場機制,請益,評論,台股,請問,台股操
獲利,增減,並不構成要約,正文,請問,必需填寫,不知道會不會,各位,指數跌破
相對,增減百分比,精實財經媒體,長期投資,閒聊,報導,正式發佈,就是,則應積極買進
表現,本年累計,編者按,長期,一下,心得,緩稱王,還是,盤中指數跌破
可望,月營收資料,誘使,停損,謝謝,必需填寫滿,支付,投資,盤中指數超過
外資,單位千元,概與,分類,什麼,表示,最近,大大,盤中成交價
台幣,百分比,種類,必須,各位,新聞,程度較,大家,按我下載軟體
新台幣,當月,任何,營收,想請,指出,開發人員,持有,應賣出
台股,和上個月的,媒體,分析,小弟,記者,香港公開大學,台灣,買進條件
產品,年同月的,決定,若為長期投資,買賣超,台北,品途點評,想請,短線操作建議
成長,元相較,建議,請輸入停損價,覺得,台北報導,融資輪數,公司,賣出條件
受惠,增加金額為,日報導,否則依板規,代碼,億元,商品交易總額,所得,艦打擊群
半年,基金名稱,相關,將依板規,然後,經濟,"""實質""效益",可以,雷根號
出貨,千元,報導,停損價,大家,美元,高築牆,手上,史坦尼斯號
股價,日信用交易,日報,請輸入,股票,全球,廣積糧,什麼,可擇低買進
持續,減少金額為,賴宏昌,年增,文章,統計,最近幾年,提出,式能
動能,月增率,郭妍希,億元,買賣超前,市場,天一開盤,今年,金融期
年營,參加,全球贏家,成長,請教,強調,正式發,各位大,大台指
合併營收,地點,嘉實,去年,違反板規,今年,感覺有點,台北,估賺賠
營運,年同月,記者,持續,知道,顯示,不知,因為,在菲律賓海
與公司,上個月,陳苓,投資,板主,投資人,台股可,以上,毛利創新高
業績,資料來源,新聞,受惠,問一,美國,股可能,的金,美軍航
法人,貨幣市場基金,報價顯示,心得,想請問,日報,我最近,請教,總賺賠
帶動,中時,指出,評論,有推薦,單位,不正確,總是,小台指
成交,日信用交易融,見此,輸入,這樣,影響,一樣有,中華,賣出持股
加上,較上月,投資,新高,盤後閒聊,以來,不知道,的大,電子期
旺季,年同月增加,見圖,帶動,主旨,認為,型終身壽險,問題,天買進
今年,受邀參加,金融時報,停利,問一下,時報,單月獲利,波動,則應
下半年,受邀,路透社,可望,怎麼,集團,股可,是美,指數跌
新高,舉辦之,顯示,年同期,盤中閒聊,最大,向北,沒有,後再來
每股,資料,日以來收盤,今年,有推薦意圖,公布,資訊網,想請問,為給
季營,會一,截至台北時間,進場,經板,由於,中信金的,繳稅,加權股價
震盪,財務業務,陳瑞哲,毛利,水桶一週,金額,高築,各位大大,漲多澎風股
營收,會之,美國,毛利率,未來性,董事,套利的,上漲,被保人生日
短線,代號,英國金融時報,營運,股票名稱,表現,月稅後純益,技術,低端經濟
近期,民進黨,迄今,去年同期,所以,預期,度增長,有什麼,質子
持股比例,股票名稱,日以來,者板規,為什麼,綜合,互通,關於,可買進或加碼
子公司,組合基金,今年迄今,多空,是不是,主要,活動時,問各位,商品預定利率
族群,本期累計,分為止,季營,我是,董事長,幣支,現在,主約險別名稱
有機會,張數,以來,年第,推薦,根據,我最,面臨,生前契約公司
第四季,續營業單位本期,路透,充實,股板,億美元,的壽,召開,附約險別名稱
稅後,淨值漲跌一覽表,報價,每股,不是,中國,三個,如此,及各
公司之關係,人說明會之時間,可能,月營收,看板,下跌,共增加,趣的,鬼故事
不適用,投信旗下各基金,國金融,年營,自己,包括,點數回饋,大家怎麼,議及
毛利率,召開法人說明會,經濟,較去年,大概,衝擊,零用金,指標,想要
第三,人說明會之地點,經濟學,技術面,大大,企業,跟其他,大廠,有持
合併,符合條款第四條第,收盤新,產品,有沒有,國際,才好,所以,真的需要
買超,續營業單位稅前淨,報報導,預估,想問,因此,最近幾,百萬,誇張的
相互,站之法人說明會之日期,日以,否則,經板主,進行,最近發,弟的,成交價低於
全年,站之法人說明會擇要訊息,可能會,稅後,如果,宣布,這支,目前,主計
持股,表海外型基金為前一日淨,華爾街,合併營收,有人,需求,數位通路,清楚,想要請
季營收,完整財務業務資訊請至公開資訊觀,日以來收盤新,合併,我的,造成,崩盤,扣除,操演
其他敘明事項,資訊觀測站之法人說明會一覽表或法說會項目下查閱,為止,季營收,以板規,重挫,多點,請問各位,使用國泰
展望,單位稅前淨利,美元,理由,推文,引發,是最近,的實,國泰銀行
權值,繼續營業單位,編者及作者無涉,標的,板友,面臨,今天台,入股市,銀行提款
處分利益,營業費用合計,自行作出投資決定,籌碼面,一樣,受到,過前,空間,利創新高
單季,季綜合損益表,本文僅供參考之用,半年,一堆,政策,港股,疑問,互轉
客戶,個月的,如因相關建議招致損失,表現,板主巡,一度,本宮,法律,價格
上半年,去年同期累計,全球贏家系統報價顯示,大廠,你的,金融,明天,至今,很無
季合併,營業收入合計,讀者務請運用個人獨立思考能力,全年,是不,可能,最近發現,這一,利空
大盤,中國時報,任何不論種類或形式之申述或訂立任何建議及推薦,分類發文規範,還是,人士,數回,大關,或利
者不適用,較上月減少,經濟學家,必須有停損機制,台灣集中市場,跌幅,投放,各位前輩,月營收創
年營收,營業成本合計,華爾街日報,發文前請先詳閱,置底,指數,重挫,面上,出差
董事之意見,其他收入合計,影響,未依格式者板規,台指選,政府,的壽險,股東,外匯操作
或損失,本期淨,布的,請依格式輸入內容,時候,導致,招生,股票,出盡
每單位,較上月增加,報告指出,多空理由不充實者,標題,出現,年跌,版上,停買
相對人,高收益債券,基準日,但無充份分析理由,感謝,此外,持續買,合約,有持股
公司名稱,毛損,億美元,進退場機制得刪去,將以板規,對於,利多,請各位,的老闆
終場,條第,截至,發標的文未充實內文,不要,一步,貸利率,有高,我下
董事會通過日期,備註,分析師,未依規範發文將受處份,高手,資金,不敗,目前在,成交價格
本次交易表示異議,年同月減少,日公,分類選填請益或心得者,想請教,分析師,台股會,是如,卡銀行
取得或處分之具體目的,排行前,政府,進退場機制若非長期投資者,我想,機構,股不,的美,都跌
本次交易為關係人交易,本每股盈餘合計,如此,較去年同期,意圖,發布,度較,責任,創新高
每單位價格及交易總金額,業單位本期淨利,川普,技術,真的,調查,台的,取得,成交價
監察人承認或審計委員會同意日期,本公司受邀參加,報告,砍文處份,這種,外界,隆達,辛苦,營業利益創新高
觀察,交易所公開資訊觀,日公布,法人,問各位,銀行,方式去,廠的,國泰銀行提款卡
看好,其他利益及損失淨額,全球,下半年,板主巡視,中央,天台股,果是,盤中成交價超過
大立光,營業外收入及支出合計,基準,單季,一週,相關,大手,有問,盤中成交價格超過
毛利,後續可能重分類至損益之項目總額,蔡承啟,年營收,請寫到,經理,天台,大家怎麼看,且預估成交量可達
限制條款,淨利╱損,警告,需求,否則將以板規,報導〕,對台股,小弟的,如盤中成交價跌破
權值股,推銷費用,日經新聞,提升,賺錢,進一步,今天一,所以我,有持股應賣出觀望
董事會通過,財務成本淨額,國家,出貨,是你,國內,最近才,划算,台股操作建議及各類股趨勢
交易標的,管理費用,停止過戶截止日期,業績,市場三大法人買,去年,樣有,款的,終身險
成交量,中國時報─,發放股利種類及金額,訂單,大法人買賣超前,報告,持續買進,申購,成交價是
本次,債券基金,全球贏家報價系統顯示,包括,若提及股號股名,台幣,中國零售平台的,我跟,買進
較去年,月增加,會決議或公司決定日期,利率,且屬未來性的預測或分析有推薦意圖,總統,變動型終身壽險,謝謝,生效日期
機會,買賣超,息類別,基本面,是我,以及,遠東銀行信用卡,風暴,以下
之原因,前一日,請填入,優於,我也,經濟日報,原型車續航里程達,前都,誇張
開盤,所得稅費用,在接受,純益,就好,儘管,每股自由現金流入,他有,狂買
占公,月減少,最後過戶日,獲利,我覺得,最新,新能源品牌正式發佈,手上有,營收創新高
與公司之關係,之項目,停止過戶,累計,請問各位,交易,行信用,賣股,他們
異議,國民黨,以來最,籌碼,板面,元的,感覺有,最新,航行
電子,會計項目,或許,動能,你要,人民幣,台股大盤,金融市場,多價
分資產處理準則,信用,時報報導,近期,經板主巡視,年來,日本人,計價,空價
公開發行公司取得或處,證券舉辦之,數據,受惠於,視板面,公司,融資金額,代工,的父
司取得或處分,本期淨利,股東會決議或公,加上,請問一下,媒體,在台股,問有,一定
半導體,期綜合損益總,停止過戶起始日期,預計,違反,成為,變額萬能壽險,如果沒,近做
月合併營收,釋每股盈餘合,路透社報導,預期,寫到,過去,家金控,報酬,操作建議
強勢,合損益總額歸屬,公布的,可刪除以上內容,股板簡字號,機制未說明價位,利率變動型終身,工業,用國泰
資金,益總額歸屬於,普通股,展望,漲停家數,財政,中國內地,只有,地租
增資,,暫停交易,法人同步買超,,緊縮資金,台股開高,,券資比持續攀升
發行新股,,重挫,宜多不宜空,,長黑破底,營收大爆發,,賣超
掛牌,,慘跌,持續獲利,,財報不佳,這波漲勢,,外資大賣
新股上市,,熔斷機制,毛利率淨利率增加,,超貸,漲停鎖死,,報復性補跌
私募,,貶值,營收好轉,,延後收購,暴漲,,南下
股份轉換契約,,新低,營收創高,,泡沫化,北上,,續跌
廠房與新建工程,,危機,醞釀反彈,,缺電,創新高,,往下破
獨家銷售,,狂瀉,毛利攀升,,情勢不穩定,反彈號角,,往下噴
合作備忘錄,,貶幅,台股受益,,成交金額下降,潛力股,,好空點
合作夥伴關係,,股災,浴火重生,,毛利率下滑,,,滑下來
股利分派,,衰退,外資自營歸隊,,,,,獲利出場
收購,,撤銷,外資力挺,,,,,
啟動,,減資,籌碼集中,,,,,
接獲,,提告,權證認購看多,,,,,
盈餘,,停止櫃檯買賣,向上趨勢,,,,,
賣超,,違反資訊申報作業辦法,外資連續買超,,,,,
漲幅,,違規裁定提案,買回庫藏股,,,,,
正式合資經營合同,,違約金,升破10日線,,,,,
取得認證,,解任,台廠吃紅,,,,,
簽訂合約,,減損,升級轉型,,,,,
登陸興櫃交易,,虧損,,,,,,
融資,,結束代理合約,,,,,,
融資融券,,跌幅,,,,,,
