,id,title,content,cluster
25,1451798526125_F01,國泰金尾盤,在這天 國泰金尾盤買單大灌快1萬張<BR> 此時的我只想等明天開盤空國泰金... <BR>大家怎麼看這場戲呢? <BR> 怎麼看都覺得只是做做帳好看而已..,0
52,1451916588048_F01,散戶必看 之 大老二 最新研究報告,明天有可能會跌<BR>151515151515151515151515,0
60,1451962424002_F01,有人研究車之輪國際這檔股票嗎?,新聞寫說車之輪國際這檔股票明天上創櫃版，<BR>做汽車百貨通路的，<BR>因為最近幾年百貨通路像寶雅這種股價不錯，<BR>所以想問看看有研究的心得。,0
143,1452178902021_F01,（重要）1/8 將會是本波低點,剛剛美國特派幹員跟我說<BR>這次風暴是因為大媽搞笑<BR>搞了個融斷 現在取消了<BR>這次低點來了 就是明天<BR>今天7800點測試成功<BR>果然一堆買盤<BR>明天10：00後 斷頭槽死光將會噴到過年了,0
145,1452182490742_F01,今天美股開盤指數16888.36,一路發發發~上啦~[讚]<BR>看到這數字讓我想起小人物大大~<BR>希望是個好兆頭~[萌]<BR>鄉民們堅持住~<BR>台股明天加油吧~,0
216,1452518656889_F01,"股市在失去希望,沒有明天,才是底部!",很多散戶<BR>還在幻想賺小錢<BR>很多主力<BR>還在欺騙散戶去買<BR>可悲阿<BR>不見棺材不掉淚<BR>有錢就想敗光光<BR>你(妳)笑的出來<BR>因為你(妳)還套的不夠深<BR>看哪<BR>襲捲而來的大浪<BR>會把你(妳)們打到無底深淵<BR>那時<BR>哭不出來<BR>只有恐懼<BR>沒有明天<BR>因為你(妳)已失去希望<BR>看不到未來了<BR>卻是<BR>底部浮現<BR>可惜的是<BR>你(妳)已經被迫出場了,0
344,1452963352908_F01,既成事實效應~~,"蔡英文今天會當選，很多人都猜的到，再加上禮拜五美股大跌，很明顯是""既成事實效應""<BR>該賣的早就先賣了，還沒賣的，明天一開盤會斷頭。像八千大那種，我猜是四千點才會驚醒，而不是七千點賣股。<BR>所以明天搶反彈十分有利。<BR>當選前兩周，大盤從83xx跌到77xx，短線跌幅已夠，一直都沒有像樣的反彈，<BR>預估~期指開盤只要跌2.5趴以上(200點以上)，可以搶反彈<BR>貪心不怕死的，開盤就做多。<BR>膽子小的，請逢低作多。<BR>當別人恐慌時，記得要貪心....當然，中長期還是看空",0
454,1453363047348_F01,大陸股市明天要破2850了?,又有什麼消息了?怎麼跌這麼多。<BR>那台股算是強勢股了。<BR>還是晚上看美股明天一起算帳?<BR>請各位大大發表一下看法<BR>最主要8k大你怎麼沒發表看法。,0
581,1454070425930_F01,請問 明天有開盤嗎??,聽同事講 明天好像公務員都要加班 意思就是股市有開盤 <BR> 各位大大 有誰知道???,0
760,1455446423090_F01,明天新春是否開紅盤？業績創新高的機會大很多！,明天新春是否開紅盤？業績創新高的機會大很多！新年新希望！大家買對了嗎？<BR>,0
888,1456070098296_F01,關於儒鴻抽籤還有融券的相關問題,明天1476儒鴻解籤<BR>小弟認一張<BR>請較各位 <BR>1. 中的話 想要鎖利 因帳戶現金不足 賣出現股後是否可直接轉融券?<BR>2. 這知會不會直接明天沒券 然後撥券還倒賠?<BR>感謝各位~~~,0
912,1456219799444_F01,中裕今天搶跌停的 明早一定要掛跌停單賣掉!!,"我朋友一早進去買一張跌停板~後來爽西西跑來跟我炫耀 ....<BR>我只回他明天一早請掛跌停賣掉 有賺就要跑~不然怎麼死的都不知道....<BR>浩鼎這星期要打開跌停感覺有點難~~如果一直跌下去 第一個賠葬肯定是""中裕""<BR>所以今天有買的網友..正確操作方式就是明天一早一定要賣掉 過幾天你會感謝我喔!!",0
970,1456389806223_F01,6259百徽 有人注意到這支嗎,可以注意嗎可以注意嗎 <BR>明天衝衝衝嗎,0
1056,1456833392568_F01,儒鴻員工配股,小弟股市素人有沒有大大可以指點迷燈？儒鴻1476員工配股入手320，明天開始可以賣了，該直接賣了還是可以等一下？謝謝,0
1089,1456933513406_F01,印尼西南外海 發生規模7.9強震,印尼西南外海 發生規模7.9強震<BR>空方的機會來了<BR>明天台股會跌停嗎？,0
1264,1457589602067_F01,下單成交的規則??,小弟過去沒在碰股票，突然被家人問了一個問題也不確定答案，想請教一下熟悉股市交易的01版友：<BR>如果今天一個股價收盤是10元，<BR>明天想買的人認為股票會漲，怕買不到，所以在今天盤後就先下單10.2買，<BR>而賣家認為會跌想脫手，怕賣不掉，所以下單9.8元賣，<BR>如果沒有其他人想買賣這家股票，最後成交價會是9.8? 10.2? 還是不成交?,0
1287,1457627382901_F01,江湖上失蹤多年的恐怖殺手賈屠魄可能在美股現蹤,"利用歐洲開閘放水的大利多,盜窮指數開高走低先殺空再殺多,今晚好戲上場,<BR>台股明天又要看國安紅油吳大抄手如何力挽狂瀾,演出開低走高老梗.",0
1329,1457749999553_F01,浩鼎借券創歷史新高 下周又要大跌了嗎 !果然每週日都會放利空消息!!,3/18新聞大利空 浩鼎大股東 用15000張 質設換現金用!!!一般銀行質設打6折計算只剩240左右 ~~~<BR><BR>果然新聞又趕在星期天爆一大利空 不知投資浩鼎？ 蔡被爆與董事哥嫂互動多<BR>那些周五借券的大戶們 明天起又要開始大賺囉!!! 這些大戶好好喔 跟新聞媒體關係真好~ 一直放消息 一直狂賺 ...<BR>外資周五大賣 借券餘額衝新高 會不會有人早知道捨麼事情 又去借券來空囉 下周很有機會見3字頭,0
1382,1457975407052_F01,2498 今天14日為會漲?,2498 今天14日為會漲?<BR>三大法人都沒動做耶.....散戶 大戶???<BR>自營商的任務 是乎是拉高...一買一賣....<BR>明天外資要是開始有賣的動做就要小心了!!,0
1394,1458046541018_F01,盤中論輸贏,"開盤跌破8746就可以看到8575<BR>今天低點來到8589但有反彈訊號<BR>所以明天反彈後再看看有無下跌訊號<BR>行情是在盤中定輸贏的, 有訊號做多就做多有訊號做空就做空<BR>這是大盤, 個股會有差異, 操盤手要有自己的操作",0
1512,1458473687309_F01,真的這麼準嗎?...如果我日後績效越來越好，必常來造福各位!,昨日在深夜中，<BR>不小心發現這張圖:<BR><BR>其實我一開始也不知道答案，<BR>於是每張圖用盡方式去篩選，<BR>最後決定選第一隻，<BR>想說去找個答案看看好了，<BR>還挺好奇的<BR>結果....!!!<BR><BR>先來個預告，<BR>明天台股跳空爆漲突破8888,0
1572,1458666539496_F01,明天開盤打算all in..(懺悔中),美股恐上看18000，<BR>台股9000跑不掉，<BR>已整理多時..<BR>每天不斷開低收高..<BR>就是要洗散戶出場、出清持股..<BR>不想讓散戶賺大波段..<BR>以上總結..明天all in進場,0
1769,1459327409614_F01,鴻海雖未漲停，清明後台股上看9000仍不變!!,鴻海明天會漲停還跌停?<BR>當然要選漲停，<BR>不要以為郭董買夏普是自討苦吃<BR>近日短修正早已預測到，<BR>昨日就是個誘空把戲，<BR>昨日還做空的..<BR>今天幾乎漲了回來，<BR>就是要先逼散戶跳車，<BR>接下來的漲勢，<BR>空軍恐怕承受不住，<BR>最好先改開坦克比較安全<BR>如果這次沒漲上去，<BR>我就下台,0
1770,1459327410890_F01,鴻海公佈盈餘了~比外資預期的少~EPS9.42~那股利呢??,外資預測9.5以上~<BR>剛公佈9.42~<BR>明天會如何呢?,0
1900,1459777250718_F01,請問明天4月5號有開盤嗎？,請問明天4月5號有開盤嗎？請教各位前輩,0
1904,1459833860549_F01,定存單到期，結果拿不到錢,我中國信託、台新銀行<BR>網路銀行作的定存單昨日到期<BR>銀行說明天上班日才拿的到錢<BR>錢拿不到<BR>請問銀行假日利息怎麼算呢<BR>謝謝<BR><BR>補充說明：<BR>我是用網路銀行作定存單的<BR>今天四月6日已經看到帳戶有錢了，也可以從ATM領錢了,0
1951,1460023106160_F01,台股心得分享,大盤日k已經呈現島型反轉的型態<BR>明天收盤如果跌破今天最低點(8436)<BR>手上持股可以考慮減碼,0
2023,1460370344716_F01,技嘉,"微星已經從小星星變大明星了<BR>技嘉卻尚未變成技安<BR>昨天盤中買進33.9小試水溫<BR>最近新聞<BR>技嘉(2376)3月營收資料(單位千元)<BR> 當月 本年累計<BR>營收4,869,68113,088,573<BR>去年同期4,391,31012,906,752<BR>增減478,371 181,821<BR>增減百分比10.89% 1.41%<BR>今天盤中一度到35.15收34.65<BR>看看明天如何<BR>預計37左右出場",0
2034,1460384968367_F01,明天大盤是看漲還是看跌?,<BR>跌跌彈彈，跌跌彈彈‧明天應該是跌‧<BR>投資必有風險，猜對是運氣，猜錯是應該的‧,0
2048,1460438650741_F01,紡織股已是強弩之末,最近紡織股跌好多，儒鴻、聚陽、利勤、豐泰、百和、寶成等，今天儒鴻還爆量跌停。是發生什麼問題嗎？還是題材退燒了呢？今天的紡織，明天的生技，是如此嗎？,0
2120,1460626980768_F01,兩大龍頭法說會...各位對明天大盤有何看法？,大立光不意外<BR>但台積電似乎憂喜參半，張董也沒參加會議<BR>那明天大盤.....各位看官怎看？,0
2234,1461047979605_F01,為什麼一賣台新金就漲.....,早知道就繼續放的<BR>明天開盤立馬買回.....<BR>希望不要超過12元,0
2349,1461407094360_F01,請問有人買黃金存摺嗎？有的大大能進來分享嗎？,我是新手，最近想去臺銀開戶辦理黃金存摺，上臺銀網看到目前黃金1克1282，如果買黃金存摺請問要怎麼看黃金買賣，什麼時候該買？什麼時候該賣？可以今天買明天賣嗎？<BR>或是有哪些注意事項，能請有在買黃金存摺的大大分享嗎？<BR>不好意思，我真的對這方面不懂！,0
2414,1461656502676_F01,這一隻有56塊...沒天理(腰斬都還嫌貴) 最近投資不順的請進...,提供空單標的!!!3685政翔 沒賺錢還大虧的股票做多是頭殼壞掉..趁現在還有56要空快空.....<BR>3685政翔跟F-茂林一樣都是做導光板一個有賺錢一個去年大虧 茂林股價居然還輸政翔 差價3~4塊~~<BR>今天3685政翔拉高就是最好的空點!!明天應該可收割!<BR>券資比持續攀升對於業績爛的股票跟本是送分題!!<BR>腰斬都還嫌貴吧!!<BR>今天還是背光模組類的股王還有天理嗎? https://tw.stock.yahoo.com/s/list.php?c=%ADI%A5%FA%BC%D2%B2%D5<BR>跟面板零組件股王還有天理嗎? https://tw.stock.yahoo.com/s/list.php?c=%AD%B1%AAO%B9s%B2%D5%A5%F3,0
2435,1461744562699_F01,VR,https://youtu.be/6urJejluX44<BR>沖著這影片，明天想買宏達電<BR>設備賣價雖說還不平價，但確實是有賣點,0
2469,1461859135148_F01,請問4/28下午1點半(2330)台積電最後1筆7355交易量的單?,股市新手<BR>請問4/28下午1點半(2330)台積電最後1筆7355交易量的單?是發生什麼事?這筆需要11億2千多萬啊，瞬間外盤(紅)交易量暴增?請問是搶明天反彈嗎?,0
2573,1462293677241_F01,代誌超大條。。請進來分析,1337 f－再生 業績面超優 為什麼股價站不住腳。。 一直盤跌 今天融券大增600多張 後市是要續跌呀？ 我會關心這檔 是因為有買 。。輸怕了。。。。。 一買就套 明天肯定又被殺。。。。。怎麼辦？,0
2633,1462453015804_F01,大盤明天反彈,8K紅內褲暗示，大盤明天反彈，準備好現金買,0
2660,1462525034168_F01,最後一隻羊的故事,買跌<BR> 保證不會買在最高點<BR> 買紅<BR> 小心最後一隻老鼠<BR> 說一真實故事<BR> 最後一隻羊<BR> 某年<BR> 中和賣大樓?21元<BR> 股價天天跳空漲停<BR> 買都買不到<BR> 一個人在64元跳空漲停早上<BR> 掛64元漲停價買進8張<BR> 心想<BR> 應該也買不到吧<BR> 然後去上班<BR> 回家一看電腦<BR> 傻了<BR>8張全買到<BR> 而且收跌停板<BR> 故事還沒完喔<BR> 明天又跳空跌停板<BR> 好像到43員才打開<BR> 要賣不賣你自由<BR> 主力賣完了,0
2738,1462790892622_F01,鴻海 怎麼連跌好多天???,怎麼辦? 我一買就被套 73.9 一張 <BR> 然後消息面 今天又爆料 夏普 財報超爛的 ........... <BR> 完蛋了 ........會不會明天一開盤 又重挫 ???<BR> 我辛苦的錢.... 又要當別人的提款機????<BR> 01 高手 尤其是8K大 就幫我解惑好嗎??,0
2743,1462809011164_F01,光洋科,"明天打入全額交割股,偷賣黃金之事持續延燒,金害!",0
2777,1462932263139_F01,明日((5/12晚上7:00))凱基內湖分公司期貨講座,各位投資人 大家好:<BR>明天(5/12晚上7:00)凱基內湖分公司<BR> 有一場期貨講座<BR> 內容主題為 利用大數據對選擇權進行關鍵佈局<BR> 歡迎大家踴躍報名<BR> 若要開戶，或優惠的手續費也歡迎洽詢來電<BR> 欲報名請來電02-2793-8901、0956356396 劉先生<BR> 或是留言報名,0
2797,1462966385409_F01,F-TPK 哇...........看過來,F-TPK 哇........... 早盤翻紅 ... 上漲1塊多 我就買下去 <BR>結果...收盤下挫 2塊多 .............. 不適帶量上攻 就追下去 又加上昨天收紅 <BR> 我的信心百分百......... 結果 每次都當大戶的提款機........... ???<BR> 怎麼半??? 明天開盤 要認賠殺出嗎???,0
2828,1463043951671_F01,來聊聊明天的MSCI影響,"明天清晨這一季的權重就公佈了<BR>新聞多半都是調降的報導居多<BR>這陣子列入MSCI中的股票幾乎都被修正了不少<BR>不知道明天公佈真的是調降比例<BR>這些股票還會被修正嗎?還是短期的利空出盡了<BR>我是有壓了一支股票做空,但又感覺上跌不下去<BR>有點擔心耶!",0
2834,1463058186490_F01,請問一下融資問題,今天5/12券商打電話給我，說維持率不足… <BR>那我明天5/13是否可以1.補錢給券商或2.在5/13盤中在融資一張補足維持率，這樣就不會被斷頭了嗎？這兩種方法是否可行？,0
2842,1463063704952_F01,聯發科明天暫停交易 有人知道怎麼了嗎,重大訊息待公布 聯發科明天暫停交易<BR>字體列印轉寄|plurkshare <BR>2016-05-12 21:41<BR>〔記者陳永吉／台北報導〕證交所表示，聯發科（2454）因有重大訊息待公布，該公司上市普通股自105年5月13日起暫停交易，以其為標的之上市認購（售）權證亦同時暫停交易。該公司將於前開重大訊息公布後，再申請恢復交易。,0
2844,1463067315465_F01,陸客買台股基金 最快明天可上路,"http://news.cnyes.com/Content/20160512/20160512193413000626017.shtml?c=tw_stock<BR>金管會主委王儷玲今天表示，有關大陸投資人買台股基金一案已送行政院，如果院長張善政今天批准，明天就可上路。<BR>金管會日前已預告修正「大陸地區投資人來台從事證券投資及期貨交易管理辦法」，開放大陸投資人來台買基金及外幣債券（國際板債券），並一併放寬QDII來台投資範圍。金管會主委王儷玲在金管會例行記者會中表示，金管會日前完成法規預告後，已將全案呈報行政院核定，今天就等院長批示，她認為行政院今天應該會批准。如果今天批准，明天就可上路。<BR>趕快開放陸客直接買賣台股,開戶無上限,投資金額無上限.<BR>台股上看3萬點.",0
2927,1463397598256_F01,3552營收更正,【時報-台北電】同致電子(3552)更正第一季及4月合併自結損益金額。原公告第一季合併營業利益為29億2159萬9000元，更正為5億8725萬5000元。原公告4月合併營業利益8億2963萬2000元，更正為1億6191萬7000元。原公告前4月合併營業利益37億5123萬2000元，更正為7億4917萬2000元。(編輯整理：李慧蘭)<BR>---------------------------------<BR>明天直接跳水??,0
2928,1463398616430_F01,TPK 哇。。自營大買,TPK 哇。。自營大買 外資小賣 好像要嘎空 要噴的感覺 還好。。我買了幾張 明天只要拉一塊 我就倒給外資好囉,0
2961,1463483901616_F01,終於 讓我壓對了..明天起....漲,TPK 我關茶好久 .... 終於大戶開始買 還好 我也有 <BR> 會不會明天起.............. 每天笑 科 科,0
2975,1463552315214_F01,我猜測明天會漲,明天會漲 70~120點<BR>為什麼呢？<BR>我天生樂觀<BR>,0
2981,1463561259855_F01,請問有關1525江申,請問有前輩高手在玩這檔嗎？<BR>只知道是汽車相關概念股，是裕隆集團的，有富爸爸的股票，<BR>今天的走勢剛好跟大盤相反，開高走低……<BR>今天跌的原因是什麼？跟明天的法說有關嗎？,0
2987,1463574872120_F01,寒舍明天轉上市,寒舍2739明天轉上市，不知大家怎麼看，只聽說他中籤率超級低。現在觀光業滿慘淡，看好它的股價一路狂飆嗎？,0
2991,1463578385523_F01,求問正在大便的老二,從明天開始，你壓漲還是跌?<BR>最近8K失準了，3K也是,0
3006,1463620655156_F01,"520前押寶，選擇權唯一一天大放送，put,call同時漲價",唯一一天大放送，做完記得烙跑。<BR>莊家今天坐地起價，雙邊都漲。<BR>唯一一天放送，明天後就回歸自然。,0
3025,1463644055038_F01,大家覺得明天520會跌破8000嗎?,大家覺得明天520會跌破8000嗎? 還是要看總統的演說內容有多少台獨的成分呢?,0
3034,1463659347146_F01,明天大早掛幾張來賣賣,明天大早掛幾張來賣賣<BR>演說完說不定會跌<BR>好緊張...<BR>要變天了,0
3035,1463661140170_F01,TPK 怎麼跟我想的不一樣?,為甚麼.... 早盤開紅 我加碼 追下去...但是 痛苦的又是我 <BR> 外資 有買 自營前幾天有買 今天小賣.....竟然跌1.4元 <BR> 然後 也有壞消息出來??? 還是明天一開盤 不管37 21 全力做空???<BR> 各位大大 你們的看法??????,0
3094,1463897089924_F01,27歲菲籍外國人，來台工作三年，累積資產破億財富自由,今天沒開盤，我們聽聽小故事！！<BR>這是我最近聽到的一個真實故事，有天去拜訪一個久違的長輩<BR><BR>他說他們家對面的８０幾歲高齡老先生，老先生是榮民，<BR>膝下沒子女，但有土地，所以資產破億，三年前結婚<BR>娶外籍新娘，那個外籍新娘也很酷，每天控肥肉給老先生吃，<BR>吃三年就掛了，現在繼承完畢，又年輕又有錢，<BR><BR>讓我想到巴黎雙師案，何必在咖啡裡下藥呢？<BR>合法的燉控肉，又肥又大塊，工作三年，年薪超過三千萬<BR>時間拉長一點，又不犯罪，好勵志的故事！！<BR>看完這個故事：我忍不住唱了這首歌<BR>我拿青春賭明天，你用真情換此生<BR>雖然不知人間，多少的憂傷，何不瀟灑走一回,0
3135,1464005947683_F01,元大 歐洲 與 日本 ETF,明天開始募集<BR>我營業員要我買 還說可以先幫我出錢.....<BR>BTW 大家對於此兩檔有何看法呢<BR>是否歐洲與日本都有上漲空間<BR>我只知道目前都在負利率~~~~,0
3156,1464074443727_F01,中鋼股東紀念品,剛看新聞才知道明天可以領鈦碗<BR>但是我有10張的中鋼和中鴻以及零股中鋼小朋友們阿帳戶<BR>都沒收到股東通知書<BR>先在要如何處理<BR>不知道還領得到嗎？,0
3205,1464165210308_F01,宏達電真威阿!,"上周大家無比的絕望唱衰宏達電<BR>這周股票就漲翻天了<BR>有點後悔他宣布買庫藏股時沒買進60元左右<BR>等到今天71元才買進<BR>果然收盤漲停鎖死<BR>看了宏達電過往的線型,<BR>漲也是漲好幾天,跌也是跌好幾天<BR>這波起漲才剛開始<BR>不知道這次是否能突破百元<BR>有多空單的人自己稍微注意一下喔<BR>目前歐美持續大漲<BR>明天要在一根漲停<BR>應該還有望的",0
3326,1464524857612_F01,現在追日月光還來得及嗎,已經漲一大波了<BR>鎖漲停沒買到<BR>明天上車會剛好作頭被倒貨嗎<BR>還是一路上攻頭也不回呢,0
3354,1464604951630_F01,日月光 發飆了....,上星期5 鎖漲停 今天 爆量 12萬張多 外資買了6萬8千多張 <BR> 消息面 減資後 每股可望7元上下 ............. 蛙......... 這個價位 對我來說便宜啦 <BR> 還好我眼尖 發現到 我賠了10年 就看這一檔 今天小買 權證 明天起 梭哈 權證 <BR> 趕快來去找錢............ 賠這一次 如果在看錯......... 我真的 真的 真的 <BR> 退出股市 @@~,0
3360,1464618415225_F01,明天台股修正了，我先殺進場!!,修正不太可能直接開低，<BR>會先小拉高再出現賣壓，<BR>8480~8500是不錯的位置<BR>今晚睡前我會過目一下自選股，<BR>明天開盤一出現恐慌性賣壓，<BR>就是我要拿調度金來護價的時候了<BR>看來這次台股要玩真的了，<BR>連我差點都跳車，<BR>但我怎麼可能輕易跳車，<BR>只是換車<BR>,0
3395,1464694249814_F01,台股爆大量...意思是???,明天一開盤 往上噴的意思嗎?? <BR> 哪麼我的日月光 有救了呀???,0
3406,1464715623337_F01,除權息之後的價格,比如今天的中信金價格17.15<BR>如果明天就要除權息了，明天的價格會如何呢？<BR>大概會多少？像這種會有固定的公式嗎？<BR>先謝謝各位唷,0
3433,1464776766184_F01,8K大..幫我分析一下台積電好嗎?,早盤..看權值股都動了 忍不住 追了台積電 <BR> 預估 明天要再加碼??? <BR> 8K大 你的看法??????,0
3440,1464793155126_F01,ua狂跌～有大大知道發生什麼事了嗎～～～,台灣某隻ua概念股今天被外資賣光光一隻不剩～<BR>晚上ua就暴跌～估計明天台灣的也好不到哪去了<BR>內線消息....明天慘了,0
3465,1464866068526_F01,8k大……幫小弟分析看看4417的金州,早盤.忍不住 追了4417的金州<BR>預估 明天要再加碼??? <BR>8K大 你的看法??????,0
3481,1464936027547_F01,明天台股有開盤嗎？6/4號,明天台股有開盤嗎？6/4號<BR>明天台股有開盤嗎？6/4號,0
3539,1465186415265_F01,哇。。。開低走開 我追了 然後。。。。,空了台積電 權證。。。。。。我的看法。。。。明天起 多頭 逃命波。。。。,0
3724,1465817483072_F01,明天台股恐強彈!!,今天很多個股都跌的太委屈了，<BR>這黑手不簡單，<BR>但究竟是誰<BR>為什麼?<BR>因為台股一片慘綠，<BR>卻跌不到200點，<BR>我只能說這是在甩轎，<BR>去年的我可能會認賠，<BR>今年的我早就平常心。<BR>明天，<BR>值得期待,0
3755,1465912931885_F01,10年股票市場打滾 明天必。。。,預測明天開小高 拉回 之後在往上衝 大盤帶動 權值股 起碼漲50點以上 重點是。。。中信金 權證我要落跑 順便報一支 上看百元股 我的10年股市打滾經驗 但。。現在不能買 太高 拉回在買 目前主力還沒跑。。4984 f-科納 但 漲跌幅很大 不保證獲利 安全買點在40~45元之間 有賺錢 希望捐一些些 幫助社會大眾,0
3772,1465984238395_F01,華亞科 大分析加 大盤分析,華亞科 自營商 賣10萬多張 投信賣6千多張 重點在 外資買5萬多張 8大行庫買8千多張。。。。 意思是明天開紅 就空嗎？？ 大盤 我個人看法 明天一拉高 全力空 台灣50 明天逃命。。 要修正了,0
3841,1466176887903_F01,光靠技術分析可以準確預測大盤走向跟點數嗎？,這邊有很多長年的投資者，<BR>我想請問的是，<BR>真的可能靠歷史走勢等等的技術分析，<BR>分析出明天或是未來大盤走勢甚至漲跌點數，<BR>例如說明天開始會跌到xxxx點位，又或是漲到xxxx點位為止?<BR>小妹沒有貶損的意思，<BR>但是整體看來有點像是看賭俠系列電影才有的情節，<BR>技術分析真的可以做到預測未來?,0
3898,1466417121759_F01,歐股暴漲,脫歐公投有譜了?<BR>還是這件事差不多要結束了.<BR>我只知道美股應該會大漲，<BR>如果美股也跟著漲，<BR>明天看台股能不能順便受惠,0
3899,1466419075180_F01,今天沒買台股...你後悔了嗎???,我的看法....明天一開盤 起碼百點起跳 ...... <BR> 還好 我買了雞雞店 權證 會不會大賺 拭目以待 ????,0
3914,1466487350775_F01,主力鎖碼股,3642 有其他版喊空。。結果連鎖漲停2支 明天起續飆 我的看法,0
3964,1466597151109_F01,空了 強勢股 誰比我猛,台灣50 空 權證 明天看情形 搞不好梭哈 3236千如 空 反正不補 放個3個月 看誰是贏家 有照片,0
3981,1466664539014_F01,"糗大了,這個時間點我竟然台指多單留倉....","脫歐公投+27日台積除權息在即,原本應該平倉空手觀望到下周一才對....<BR>碰巧尾盤拉回時時沒及時停損出場...<BR>碰巧明天一整天都會很忙,所以無法即時盯盤...<BR>重點是今天中邪般的做多在山頭8523點.....<BR>令小弟我有一種在和全世界為敵的感覺......<BR><BR>",0
3982,1466668178053_F01,聽說賣70萬台?,"研調：SONY今年VR贏家 Vive出貨70萬組<BR>明天要搶了, 雪紅喊百萬",0
3983,1466668179643_1_F01,投票: 明日英國脫歐公投結果對股市走向預測,"明天英國脫歐公投結果就會出來了<BR>很好奇大家對公投結果後股市漲跌的看法<BR>A. 英國確定脫歐<BR> 1. 利空出盡 全球股市往上噴出<BR> 2. 利空 全球股市往下噴出<BR>B. 英國確定留歐<BR> 3. 利多出盡 全球股市往下噴出<BR> 4. 利多 全球股市往上噴出<BR> 5. 不管脫歐留歐，全球股市一池死魚，繼續盤整~<BR>我選3 理由. 股市從上週到今日已經狂拉一段,確定留歐利多正讓主力出貨,但往下噴出時間會是下週<BR>統計至14樓,目前選項3、4暫時領先!<BR>選項 得票率<BR>1. 10%<BR>2. 10%<BR>3. 30%<BR>4. 30%<BR>5. 20%",0
3995,1466696093626_F01,華航 明天會跌停板嗎？,華航好像不太行了，明天開始連續跌停板幾支呢？,0
4012,1466740117667_F01,為什麼台股列車往南開.....,真的搭錯方向了啦...<BR>現在跳車肯定會摔死!<BR>司機可以麻煩明天停車嗎<BR>難怪從昨天到現在車廂只有我一個人.<BR>原來大家都換車廂了,0
4126,1467009364580_F01,嘎空飆股。。發威了,2498 宏達電 有夠猛。。。我追了 但。。。。是 放空拉 救人呀 。。保佑明天重挫 讓我補空單。。。。。。 趕緊來去廟裡 燒香 拜佛,0
4143,1467043325902_F01,6.27今晚歐美再度跳水，未來台股是否會走出自己的一片天呢？,歐美再度跳水了，明天台股不知會如何反應，大家一直都說安拉，有雞精頂著，但......拉的又不是你的股票，而且總不可能無限制買下去!!!,0
4164,1467109240672_F01,好像大家空前矚目明天的摩台結算耶!?,"往年除了海期戶,根本沒人在鳥摩台結算的.....(這幾天連歐台指都有人在討論指數...)<BR>但這次好像大家空前矚目明天的摩台結算耶!?<BR>空軍現在的思維:沒事,外資拉到稱摩台結算而已....還是要崩的<BR>但如果明天沒崩,應該是會軍心大亂....!?<BR><BR><BR>但別忘了07台指的真正結算日是7/20吧......",0
4166,1467119232642_F01,宏達電 讓人又愛又恨,這支股性 很奇怪 上一波 飆到136 然後回檔到86左右 我重壓。。就開始重挫 然後心情差到不行 。。。。。 然後 這次不一樣了 我學聰明了 改放空。。結果 被嘎到嚇嚇叫 害我明天開盤後 又要殺出。。。。光輸掉的錢 可以買愛瘋10多台。。。。 神呀 幫幫我 明天下跌就好 少賠就是賺。。。。 要退出股市一陣子 決定來去閉關 看能不能領悟8k大 投析,0
4351,1467687651551_F01,可寧衛明天除息10元，大家會參加嗎,如題，現在股價180，明天除息10元，是否值得參加呢,0
4429,1467885286125_F01,透析 8916光隆,目前持有8916光隆90張，明天除息3元，<BR>8/12入帳，謎樣股<BR>,0
4431,1467886011586_F01,傑克8000大哥竟然被鎖了，01理財將陷入無趣無聊了。,大哥好冤阿~等著看粉絲們四處無聊了。<BR>01理財發文回覆率絕對降87%以上。<BR>無聊了無聊了無聊了無聊了無聊了無聊了無聊了~<BR>大哥60天後您要再次回歸01帶領我們迎接萬點。<BR>明天大盤將要噴出了，懂嗎?<BR>明天大盤將要噴出了，懂嗎?<BR>明天大盤將要噴出了，懂嗎?<BR>傑克家族開盤要全力做多了~<BR>做空的小心了，明天開始嘎死你們。<BR>,0
4433,1467892585163_F01,jacky8000大對01而言真的很重要！！,Jack8000對於廣大01會員們而言真的很重要！<BR>連被停權都這麼恐慌，明天慶祝一天放颱風假，小弟我很佩服，他真的很神，以此篇紀念那些年我們一起炒股的jacky8000!!,0
4467,1468057191070_F01,話說明天要選舉了 投票結果會日本經濟造成什麼影響呢,話說上禮拜五因為颱風沒把股票全清掉<BR>不知道日本明天選舉 會不會在送上黑天鵝<BR>個人覺得日本選舉應該比英國脫歐重要?<BR>不知道大家怎麼看,0
4482,1468129956659_1_F01,三商美邦申請保險理賠,剛拿家人的開刀診斷證明跟收據準備申請保險理賠，業務員拿保險金申請書給我，要我家人簽名，然後約明天要在拿給他，他說明天晚上不行，要用寄的，原因是明天中午過後要北上準備出國，那我不想用寄的，明天早上我時間上不行，他說不然等19號他回來，我在看時間行不行時，他說不然請他同事幫忙拿，我同意，之後拿開刀證明跟收據給他時，他看了一看，說有健保給付，沒多少嘛！<BR>那我家人付保費，現在申請我家人應該申請的，有什麼不對嗎？事先循問如何申請理賠時，也沒說另外要簽保險金申請書，這都可以提早處理好吧，快出國了才在說沒時間，出國關我什麼事，把該做的的先做好會有這個問題發生？,0
4525,1468251585140_F01,又要挑戰8840了,前幾次挑戰8840都縮回來<BR>大家怎麼看待明天的大盤呢<BR>而且50反也下到17.85了<BR>又是準備入手的好價格<BR>有人也在這個價位慢慢收的嗎,0
4539,1468302834349_F01,這樣的抽籤如何讓人相信,<BR><BR>明天才抽，今天就顯示未中籤<BR>這樣的抽籤如何讓人相信<BR>當然一定會跟我說這是系統的問題<BR>那過去與未來顯示未中籤是真的沒抽到<BR>還是系統的問題，誰會知道<BR>,0
4541,1468310948074_F01,3042 晶技,"今天追這支的, 請舉手.<BR>我很熟悉它的股性, 明天依慣例, 開盤連平盤都難見, 直接走低到45.5 附近進行一至二周整理.",0
4552,1468332682390_F01,7.12: 挑了幾支自認7天內會漲2~5%的股 有人能評論一下嗎？,附圖是今天剛買進的五支<BR>旺宏2337今天賣出30張獲利了解後又手癢買10張 先忽略他吧！<BR>明天會再買一支1225福懋油<BR>所以總計就是 <BR>聯強2347<BR>英業達2356<BR>微星2377<BR>友達2409<BR>福懋油1225<BR>每支大概漲5%~7%賣出(跌5%也馬上賣)<BR>不知各位前輩有什麼看法呢？<BR>(特別是哪支您認為值得抱長遠的),0
4717,1468914350472_F01,今年的除權息 怎麼玩呢...,今年的除權息<BR>要扣稅嗎<BR>我手邊有幾張明天要除息的股票<BR>它發4.5元<BR>我好像有6張<BR>這樣<BR>我會領到多少錢<BR>是4500*6<BR>還是會扣稅<BR>就先不管多久會填息了,0
4720,1468918360380_F01,感覺沒有人相信小菲特,1. 股神小菲特說明天會回檔 <BR>2. 版面全部相信明天外資會拉給你出 <BR>我是相信股神,0
4726,1468928318369_F01,認錯行情。。。,本來明天要開始放空。。但我錯了 因為看到一些股友分析也滿對的 脫歐的錢 一部份 可能跑來台灣 投機 所以說 暫時不能空 順勢買進 台灣50 我衝權證 等到上萬等 在轉方向 空 那目前局勢做多 所以 親戚50 樓上揪樓下 朋友們。。大家衝 衝 衝 你說好不好！,0
4850,1469411931409_F01,水啦。。。空單開始佈局 多空雙贏,早盤。。拉升90多點 多單全出掉。。。佈局空單 晚一點 貼對帳單 大方向即將改變 放空就賺。。。 之後在補多單 在賺 明天 預估 開低走高 空單在補掉 加碼多單 我都玩台灣50 因為這個點位 大盤漲 個股不一定漲 尾盤拉高 意思是這個盤沒掛 要賺零用錢 買菜錢。。。。 ?漲 這是真的 眼睛沒障礙了 看看我的帳單吧！,0
4881,1469498099064_F01,?贏才敢太聲。。股市 對帳單,有內函加實力。。。外加幾分本事。。。這套功力是8k大留下的 透。。。。析 秀一下對帳單 外加 明天 一定跳空開高 。。。但。。。我要落袋囉 準備 空。。。。 每天賺個一二千元 也不錯 但唯一就是不能重壓 只要我重壓 就是怪。。。賠大錢,0
5024,1470121788820_F01,HTC Q2 每股才虧 3.71,"感覺今天有人早知道了, 巳經下去拉抬了<BR>明天會漲停, 可借我沒有",0
5056,1470230574816_F01,8086宏捷科技,有人在關注這隻PA概念股嗎??<BR>6月營收減20%~看7月都盤在55~60之前~跌不動了<BR>想說有好消息~進場等了一個月...結果等到7月鬼財報..<BR>又-37%...哇哩..明天我苦了我....,0
5145,1470631132848_F01,今天買了群聯的權證了嗎,"權證一般都會事先反映未來股價,尤其這種跳空跌停<BR>看一下權證,大部分都跌了 80%以上<BR>這價格應該是把明天跌停的也算進去了<BR>只要明天沒跌停,這價位應該就是最低點",0
5151,1470652025689_F01,由群聯事件引發的聯想....,這次的群聯事件，讓我深深體會到績優股不是萬能的，也是有踩到地雷的可能，以現行的融資制度來說，其實對融資戶是很沒有保障的，例如上星期四融資買進群聯的人，很可能明天就要面臨斷頭(跌了差不多22%)，所以我再想主管單位當初放寬漲跌幅時就不應該調升維持率，不然這樣融資戶豈不是非常危險嗎??因此我認為維持率應該調回120%(甚至110%)，不知各位大大認同我的看法嗎??,0
5152,1470656456871_F01,怎麼辦? 今天看大立光不爽 空了,空了大立光 權證..... 但...看了盤後 完蛋了 主力大買 ......<BR> 明天會不會開盤跳空 一價到底............. 太擔憂了 怎麼辦????,0
5287,1471282342556_F01,[台指期交易]佈局初步,"如何確保台指期貨,穩健獲利:(當沖除外)<BR>每天收盤前15分(13:30),驗算自己的留倉單,<BR>(A)明天跌停鎖死,連跌1個月,<BR>(B)明天跳空大漲,連漲1000點.<BR>若(A)(B)其中任何一種情況,會造成巨大虧損,甚至斷頭追繳,<BR>那表示所留的組合單,不夠周全,要調整留倉部位的口數,或選擇權的組合方式.<BR>[修正]<BR>佈局的基本,建立在結算價,所以最佳的情形是""無縫接軌"".<BR>所以,不考慮跨月之價差下,避免新倉日跳空開盤,建議結算日13:30分後,雙賣價外1檔(收租風險大,量力而為).",0
5551,1472473701711_F01,為甚麼..股市賺錢永遠不是我,宏達電 本來我一開盤要梭哈空......... 但....會怕 就沒空........... 就一直往下掉 <BR> 天啊 阿 阿 阿 為甚麼 賠錢的總是我 賺錢我沒份........ <BR> 明天起.... 股票賣一賣 要學8K大 引退了 @@~,0
5612,1472641983112_F01,陸股測季線?月線作底?,陸股整理近尾聲了<BR>大家<BR>猜猜看<BR>上證綜合<BR>是<BR>往下2%測季線(這是過去幾個月的慣例要測季線的)<BR>還是<BR>月線當作底部往上<BR>如果月線底往上表示<BR>陸股已經有一些新的向上的動能<BR>如果<BR>測季線<BR>很可能是中期空頭的開始耶<BR>應該是明天就會表態了,0
5618,1472650229168_F01,請問1597直得 收盤忽然暴跌 何解,時 間 買 進賣 出成 交 價漲 跌單 量(張)<BR>14:30:000.000.0030.35▽1.652<BR>13:30:0030.3531.3530.35▽1.6593<BR>13:24:5331.5531.8531.50▽0.59<BR>13:24:4331.5531.7031.70▽0.31<BR>13:24:0831.7031.8531.70▽0.31<BR>13:23:5331.7031.8531.70▽0.31<BR>13:21:5731.7031.8031.70▽0.31<BR>13:19:5631.7031.8531.70▽0.31<BR>13:18:4031.7031.9031.70▽0.32<BR><BR>收盤前30秒瞬間暴跌<BR>我不懂這有點誇張....中午要賣可是想說算了明天在賣 結果搞這一套、何解...<BR>還有樂陞可以買看看麼.... 只是單純因為以前有買她穩穩的有小賺感覺以投資客的眼光60左右也許可以進場了,0
5639,1472713119225_F01,完蛋了。。外資開始大賣超,今天早盤 我開心的買了台灣50 然後跟我的預估差太多 開使磞壞。。。。 然後我壓上全部家當。。。。啊。。。。天啊 為什麼賠錢總是我 希望明天小紅 我就逃命。。。。,0
5858,1473418771871_F01,連三紅 大紅棒 然後..隔2天重挫,夭壽唷 外資的手法 真他奶奶的奸詐 誘多..... 然後殺........<BR> 會不會明天再送一根 大綠棒.......... <BR> 如果 發生的話.......... 我在請示 8K大 該如何應對 ?? <BR> 只有透析素...... 能看透,0
5881,1473518398908_F01,各國央行輪流股匯市撈錢,難道他們不知道發表言論會牽動股匯市?QE不用錢嗎?今天說不升息，明天說升息，不用成本，股匯期賺翻<BR>大家都在演,0
5928,1473748936671_F01,"假設如果明天股匯休市(颱風), 請問選擇權9月2W如何結算?","請教版上前輩 <BR>假設如果明天股匯休市(颱風), 請問選擇權9月2W如何結算?",0
5938,1473780422059_F01,剛剛看美股。。台股完蛋了,明天保證 跳空。。重挫。。。。。因為美股在磞了 唉。。。 明天開盤 多單全出。。要離開吃人的股市了 在度破產。。輸到沒錢玩。。。。。,0
6017,1474215202645_F01,有人知道連假四天後開盤走勢會怎麼樣嗎,雖然美股沒有大漲<BR>可是這幾天美股感覺也有回穩<BR>歐股也平平的<BR>德意志被罰這個新聞會不會影響到台股<BR>還有蘋概股明天會很殺嗎,0
6051,1474346856702_F01,"請問週選擇權結算問題,也請推薦書籍",請問大大 <BR>1.有關選擇權結算平倉技巧方面的書嗎?<BR><BR>2 .我9月選擇權 SC SP 都有<BR>SC9200是賠錢的 但是今天整體是賺錢的 <BR>我的問題是 其他SC SP 都賺錢 時間價值剩餘不多<BR>怕還要等明天結算國際股市震盪等等因素夜長夢多<BR>如果今天全部一起平倉 會比明天自然結算划算嗎?<BR>請教有經驗大大 提供意見 感謝,0
6099,1474504370483_F01,趁今日日本秋分放價 日元兌美元狂升接近100:1,"繼昨天QQE宣布後,日元上沖下洗,原本看貶日元留倉的投資人,一覺醒來看到日元反貶為升,恐怕心情down到谷底,今日日本秋分放假一天,股市部分正好可以讓投資人沉澱一下,也許明天開盤反應能夠緩和一些.",0
6115,1474549296716_F01,怎麼會這樣 不小心空了大力光 有圖,本來要買多權證。。但。。今天工作超忙 不小心下錯單。。。但。。還賺180多元 因禍得福 我看 明天又要全面噴出。。。 因為美股在漲。。。。 我會睡不著覺說？,0
6245,1475162081862_F01,"大家好, 請問明天還有放颱風假嗎?","颱風真厲害, 讓台灣股市兩天閒閒不用交易.<BR>請問明天還有放颱風假嗎?",0
6297,1475462474407_F01,樂陞跌成這樣，橘子會不會被拖累啊?!,樂陞明天應該又是鎖死了，後天也不樂觀...<BR>樂陞聽說要大賣旗下轉投資事業來籌錢<BR>那幾年前大動作宣告要和樂陞交叉持股的橘子，會不會受累?!<BR><BR>橘子轉投資樂陞 2.94%<BR>法人持股樂陞:KingKong Dev-劉柏園 4.21%<BR><BR>相關朋友要注意風險!<BR>讓我們看下去...,0
6317,1475555125208_F01,我的直覺。。這次上萬點是真的,那天下殺 原來是洗盤。。。 連漲2天 連我也被洗掉。。所以 我對股市的執著 是不離不棄 上萬點 才決定收手 那今天又把他追上去 明天看能不能賺一個便當錢,0
6364,1475739541985_F01,宏達電 9月營收大爆發,宏達電 9月營收大爆發 <BR>成長超多 明天準備噴漲停了嘛 !!<BR>【財訊快報／編輯部】宏達電(2498)自結105年9月營收93億3193萬8000元，月增率41.83%，年增率31.35%；累計105年1-9月營收559億1344萬元，年增率-41.72%。,0
6448,1476192351833_F01,2317公佈九月份的營收了,如果，明天有沒有機會跳個2-3元XD,0
6467,1476268824181_F01,一失足成千古恨 明天要畢業了 .....,尾盤手忙腳亂手賤亂下單...買到上緯跌停價格 結果來不及取消 明天要畢業了...<BR>,0
6560,1476759948209_F01,請問英業達還有救嗎,一直持續量縮下跌<BR>這走勢明天是不是會有一根長黑K,0
6564,1476763726955_F01,大家覺得明天期貨會拉高結算嗎?,"昨天放空了幾口0050股票期貨在71.5<BR>當時判斷大盤已經逐步轉下<BR>沒想到今天開盤至今<BR>台積電, 大立光這兩位權王和股王都是小幅下跌<BR>但加權指數和台指近卻是上漲<BR>心中覺得很疑惑.....<BR>明天是10月份台指期結算日<BR>會繼續拉高結算嗎?<BR>正在猶豫要不要快點停損中............<BR>但又怕今天認賠停損後<BR>明天給我下跌結算",0
6598,1476873240783_F01,即將破百元 猛股。。,宏達電 外資大買。。明天可能 就破百元 。。。。。利多不斷 空單不認輸。。。所以 就是明天 在加碼 衝 衝 衝 如果讓我賺這一次 我就買htc 最新手機 力挺這家公司 以免被人看扁 盈虧自負 不保證獲利 我是輸習慣。。。所以 錢看得粉輕 如果沒破百 我就。。。看著辦？,0
6678,1477312937149_F01,10/25休假日有開盤嗎？,明天公司放假一日，不曉得10/25這個假日有影響到股市的休市嗎？,0
6682,1477318592673_F01,明天 10/25 證交所電腦會不會當機？,10/25 勞工放假一天，股市正常開市。<BR>全原本在上班工作的股民，明天終於可以好好看盤買股賺大錢。<BR>依據統計，目前約有1500 萬累積開戶數， 明天大家要一起用家中的八核心 3.8 GHz 的電腦，透過 4G 的超高速網路連到證交所下單.這讓我想起春節假日網路搶購台鐵火車票的災難場景。<BR>證交所電腦會不會 09:00 一開盤就當機？,0
6867,1478174390214_F01,tpk後勢,請問各位股神<BR>tpk十月營收出來了，該以利空解釋嗎<BR>昨天財報優於預期可是被大盤拖累 今天進了十張希望明天能反彈,0
6963,1478561794093_F01,200點行情.,感覺蕊姊 應該會選上 加上昨晚美股小道 快噴 400點 扣掉昨天漲了150點 也漲150點左右 我已壓一口大台 就等明天阿蕊選上<BR>噴到 9400 就好,0
7020,1478676165220_F01,明天可以進場搶短嗎?,總覺得這種跌法有很多人為操作的影子<BR>絕對不是在說八K特的橫膈膜透析術加持，因為祂是神<BR>不知道有沒有勇者明天要一起進場的<BR>哪一類股會是首選呢??,0
7023,1478680722106_F01,今天買了選擇權8600 put,請問如果是大家，明天會怎麼操作?<BR>1.明天開盤若續跌，開盤就賣<BR>2.多放個兩三天 ，跟他繼續賭<BR>3.其他,0
7030,1478693283464_F01,有影才趕大聲 明天台股走勢,預估明天台股開低走開 翻紅盤 但。。開低 有空單的朋友要回補阿 因為星期5 沒意外的話 會拉長紅 細節不說太多 請多看8k大的文 能投析一切 重點希望明天重挫 讓我補空單 然後首選台灣50 嘿 嘿 賺個幾千元也爽,0
7069,1478783368799_F01,明天1111 放假??,如題~我被現在政府的休假新章搞的好亂<BR>明天有人說一般公司休息<BR>那想請問股市跟銀行或郵局會開嗎?,0
7151,1479103694632_F01,我今天下單 委託成功 買股票～明天會從我帳戶扣款～是不是可以馬上賣掉那一張股票？？？？,我今天下單 委託成功 買股票～<BR>是不是明天會從我帳戶扣款～<BR>是不是可以馬上賣掉那一張股票？？？？,0
7183,1479206294418_F01,明天台指結算 續跌?? 反彈??,本來以為川普效應至少會影響台股上下震盪好幾天<BR>結果從昨天開始就熄火了.....還好前兩波反彈有跟到<BR>感覺明天應該也不太妙....有大大看法不同的嗎?,0
7196,1479276596438_F01,康控-KY 是發生捨麼事情 ? 本益比40倍... 小賺8.9萬出場,康控今天大漲了18趴 今天買進去的人明天應該會 挫..低..等..... <BR>最近的 倉和 100 70 以下 每天跌跌跌<BR>最近的 創業家 100 70 以下 每天跌跌跌<BR>看了一下前三季賺1塊多....全年頂多 1.5左右 ....目前有40倍本益比 實在是不科學 明天應該就打回原形了 !!,0
7213,1479303576272_F01,日矽合併已不是新聞，郭董要選總統才是亮點，台灣硬起來 VS 點亮台灣,日矽合併已不是新聞，管他明天往哪噴，往上噴，往下噴<BR>郭董要選總統才是亮點，台灣硬起來 VS 點亮台灣,0
7347,1479883288486_F01,40萬買權證是瘋掉了嗎?萬一明天台股暴漲100點......,我這樣PO出來會害他賠錢嗎 ? ?<BR>我同事今天買了40萬的權證....還秀給我看真的有點替他擔心 ......萬一明天台股暴漲100點 40萬當場剩下30萬,0
7372,1479922791537_F01,日股佈局的時機是否到了？,常常看節目說日圓貶日股就漲<BR>看一下線圖好像很吻合<BR>美國這兩天持續創新高<BR>晚上看日圓匯率大貶了1%以上<BR>明天不意外的話日股相關的ETF應該大漲的機率很高<BR>是不是美國即將升息美元走強<BR>相對日圓就趨貶<BR>此時此刻是否可以佈局日股相關的ETF了,0
7465,1480345790603_F01,台積電若下市，大盤指數會減少嗎,假如明天台積電若下市，明天大盤加權指數會減少嗎,0
7472,1480391714285_F01,台股月線七連紅?,明天就有機會，台股月線七連紅..<BR>台股真是強呀.. 不可能的事都在發生中..<BR>股市漲跌，真的不能預設立場...不知那天會反轉...,0
7501,1480484337675_F01,營建股底部強彈了!!,這兩天狂漲營建股，<BR>房子都被買了嗎？<BR>被誰買?<BR>大陸人?<BR>川普?<BR>台灣富二代?<BR>股市反應未來，<BR>所以營建股突然強彈，<BR>表示台灣房市有救了?<BR>明天想先進場挑幾個營建標的,0
7605,1480927079169_F01,2016/12/6日 將報復性上漲 這幾天做空的死定了!!,前幾天的堅持一直被網友酸~~明天即將一吐怨氣了!!!!<BR>德國才開盤就大漲100多點 美股小道瓊期指 nasdaq期指 也都大漲中了 !! 空軍今晚應該睡不好了!!<BR><BR>,0
7635,1481023971371_F01,宏達。空點到了 因為,營收 摔退。。。在加上空單哪摸多 今天上衝下洗 想騙我 進去買。。然後 我就跟自己對作 空就對啦。。。怕明天萬一跳空 重挫就空不到 哪我就虧大啦。。。 沒基本面的爛股 身邊也沒人拿htc手機 所以 百分百 空吧 如果明天敢開小紅 我就壓 過年要去玩的旅遊 梭哈,0
7671,1481169859823_F01,明天12.9還會漲嗎？,最近是不是作帳行情啊？那明天就週五了還會漲嗎？今天好想賣喔 手癢癢,0
7764,1481517989511_F01,玉晶光今天又漲停了...,玉晶光今天又漲停了，連著兩個交易日漲幅已經兩成了。<BR>大大們如何看玉晶光的後勢呢?<BR>目前狀況很尷尬，想追又不敢追，想空又怕空錯。<BR>請問各位有任何建議嗎?對於明天的走勢又有何看法呢?<BR>在此虛心請教。,0
7954,1482222728604_F01,大盤來到9200...後勢大家怎麼看?,明天有萬點的機會大嗎?.....後勢大家怎麼看?,0
8072,1482831009078_F01,玉晶光（3406）準備又要嘎空了嗎！？,11月賺0.8元！！！！<BR>這樣的消息大家怎麼解讀明天的玉晶光！？,0
8118,1482994095077_F01,預測明天收紅還收黑一下。,今天尾盤多空拉鋸超激烈的！<BR>期貨正價差近30點！<BR>明天應該會收黑！(純粹猜的),0
8259,1483620136926_F01,期貨當沖每日分享,小妹昨天1/4第一次交易期貨小台1口成績<BR><BR>今天1/5當沖小台1口賠錢了，好難過，希望明天繼續加油，把停損空間設小。<BR><BR>請問各位哥哥們!!你們有什麼方式讓我穩定賺錢?,0
8260,1483620138135_F01,3008 大立光的看法 補充照片 做空的,外資....和內資大買.......... 講真的 今天 真的不爽 我跳下去空權證 沒幾張 有本事嘎到4200元 我頂多認賠 不玩<BR> 外資報告 說會上5000 哪有錢人趕快買唷 一張賺塊100萬 作夢的 跳下去買的 穩賠錢 不信 可以去試看看<BR> 已經拉一段..... 然後等散戶上車 拉到5000 讓你下車...... 有夢最美 有照片阿 希望外資明天大拉特拉 我在加碼空<BR>,0
8266,1483630019509_F01,我家女王在禾馨產檢，我覺得應該可以買慧智 (6615)！,今天下午四點去排隊，等了六個小時才看到，台灣生育率真的低嗎？<BR>剛剛回到家，看到新聞在播禾馨的關係企業(？)慧智6615今日興櫃，收盤收在91元，請問各位專家，明天我可以追價嗎？上漲的空間還有很大嗎？,0
8409,1484202387374_F01,猜猜今天道瓊能不能上兩萬~明天台股會不會續噴,亞洲股就是台股最強<BR>目前小空了一下，小弟是不太看好台股後市。<BR>看趨勢感覺明天至少平盤之上!!<BR>但是看摩台感覺明天會修正!!<BR>有老手開釋一下嗎?<BR><BR><BR>PS.<BR>看空的人看不到前面的願景<BR>看多的人看不見背後的風險,0
8417,1484215934473_F01,所以台積電明天會漲停!!2016-Q4 狂賺3.86元,外資狂買12000張就是等明天了~~~所以明天會漲停嗎 ? 如果漲停台股應該就衝到外太空了,0
8421,1484229426582_F01,廣宇要噴了嗎,有人跟我一樣關注廣宇嗎？<BR>12月年增50%，月增18%…公布當天被殺尾盤<BR>昨天洗了一天，今天小紅K，明天有機會吧！,0
8554,1484797170312_F01,還有慶祝行情嗎?,各位資深投資人<BR>1/20 歐巴馬下 川普上<BR>不知道各位是怎麼看待這件事<BR>明天美股會有慶祝行情嗎?? 相對台股 會不會有慶祝行情呢?,0
8562,1484815378467_F01,5305敦南可能還有8%獲利空間,[投資有賺有賠 我的言論無法負責 請謹慎做決定]<BR>小弟本身是做AI理論的 機器人弄出什麼搞頭有點難<BR>而最近興起有拿符合某些特性的飆股做統計模型/預測<BR>程式計算結果說明5305敦南最近幾個交易日有高於七成的可能性會漲到31.1元<BR>明天考慮衝一發..,0
8737,1485963957503_F01,當大家一片看好 。。。台股,有影才敢大聲。。。明天台股開小紅。。然後開始殺 沙 殺。。。。一片綠油油 明天見證,0
8750,1486055851095_F01,台股明天走勢。。。,明天開低走開。。重挫讓你補空單 獲利了結 可以買多 少少買。。。這個盤。。。真的 是萬點的盤。。。不要不信邪 原因超簡單 大戶還沒跑 暫時不會磞盤 除非美股重挫500點 這。。。就要落跑,0
9056,1487240545792_F01,日幣狂跌 你去換了嗎？,<BR>這波日幣跌的兇，各位怎麼看？<BR>他還會再跌嗎？<BR>我明天先換幾萬來放先,0
9070,1487329872802_F01,記得明2/18還是有開盤,明天還是有開盤喔，補2/27連續假<BR>再廝殺一天，不知道明天外資是否放假？<BR>放了，成交量就，，，掉了。,0
9185,1487846641414_F01,TPK將不派股利!!,剛看新聞看到不派股利 今天外資又賣了不少 明天會不會跌停啊!!?? 感覺不少人要住套房了,0
9191,1487862058724_F01,亞洲航空,興櫃股明天就可以買啦！大家對於這檔有什麼看法，想聽聽大家的看法！,0
9280,1488454733471_F01,當大家被洗刷刷然後。。。台股,不二話。。明天保證 跳空開高 洗一下 收最高。。。但是我的妖股 宏達電 2498 怎麼不噴了。。。 我該怎麼辦？ 別人的股 噴翻天 數錢數到手軟 而我暗自流淚 男人淚阿。。。,0
9361,1488725907778_F01,救世文 <友威科> 籌碼分析實戰教學,我同事賣掉友威科33.3塊賣掉後 天天吃好睡好 再也不用煩惱 ! 且少虧了10幾萬 !!<BR>目前股價已經30了 ! 明天或是這一兩天準備開始往下破30!!<BR>這不是空穴來風!!看一下他的籌碼就知道大戶已經繞跑剩下無知的散戶還在船上幻想!!<BR>三條線就可知道他未來的走勢一定是往下發展...<BR>大股東人數減少<BR>總股東人數增加<BR>人平均張數減少<BR>,0
9421,1488970796912_F01,請問1305華夏，權證問題。,早上9點14分買 華夏第一72購01 4張2.4元，<BR>華夏漲停後，87卷商居然只掛2.96買進，沒有賣出，<BR>權證流通在外張數4張(只有我買的這4張)，<BR>那就是根本不會有人賣對吧?(因為散戶沒有人有這張權證)<BR>那明天這張權證不就從2.4元開始? (華夏平盤的話)<BR>那我今天不就白忙一場，什麼也沒賺到對吧? <BR><BR>,0
9446,1489055505777_F01,大同公告本公司董事會決議辦理發行私募普通股(或國內現金增資)…其發行股數以不超過6億股為原則,http://goodinfo.tw/StockInfo/StockAnnounceDetail.asp?STOCK_ID=2371&CLAIM_TIME=2017%2F03%2F09+17%3A54%3A54<BR>這樣明天大同會跌還是漲????,0
9539,1489410941617_F01,又有合併案嗎~~??,數字(5287) http://news.cnyes.com/news/id/3746669<BR>久大(3085) http://news.cnyes.com/news/id/3746600<BR>兩間都宣布明天暫停交易~~<BR>也都說明天下午3點會說明~~<BR>是要合併嗎~~?<BR>久大感覺有偷漲喔....,0
9593,1489591851061_F01,聊聊股票申購,大家好 明天又有三檔價差超過一萬的股票可以申購 <BR>其中長華科抽中可以賺13萬<BR>大家來聊聊看你們目前有抽中的股票賺最多是哪一檔<BR>另外跟大家推薦 目前我有在用一個iOS APP 「抽股票」可以設定篩選承銷價範圍 跟 溢價差範圍<BR>對我這個懶人來說很實用給大家參考,0
9598,1489632390140_F01,禾伸堂宣布現金減資30%，03/16鎖漲停....,最近也太巧了，前一陣子手中持股的震旦行宣布現金減資30%，隔天直接鎖漲停...想不到昨天 03/15，一樣也是持股中的禾伸堂也宣布現金減資30%，其結果也一樣，隔天馬上漲停。<BR>不過從交量來看，禾伸堂又比震旦行更冷門一點了....上次震旦行宣布減資後，僅僅只有一天漲停行情，接下來股價就沒多大變化。<BR>這次禾伸堂又會如何呢? 我決定還是像上次一樣，漲停第一天先不賣，看看明天會怎樣...因為觀察至目前為止(早上10:38)，漲停後，委買張數還有個1.7萬多張，感覺明天還是有機率會再上漲。 <BR>但光看上面那個委買張數也僅作參考而已，沒有什麼是一定的，上次震旦行也是宣布現金減資後，隔天馬上漲停，直到收盤委買好像還有個一萬多張。原以為第二天會再續漲，但結果是....股價幾乎原封不動停住了。<BR>手中有持股禾伸堂的，你們會怎麼做呢? 今天漲停就賣? 賣一部分? 還是先觀望?,0
9737,1490081408466_F01,請問提早掛預約單的疑問,假設看好或看壞一檔股票<BR>但因為隔天早上飛機要出國，手機無法開<BR>那請問我可以前一晚就掛好預約單嗎?<BR>就這樣掛著直到明天的9點開盤..這樣可以嗎?<BR>我並不是在指要搶第一，而是單純想問這樣能不能順利掛買或掛賣?<BR>還是要委託營業員比較保險呢?,0
9749,1490099410476_F01,代志大條啊。。台股,左林右社。。一大推人 包含一些論壇。。。都講說 這個盤要狂噴。。。害我買多嚇到 。。。。明天一開盤 多轉空 首選台灣50,0
9788,1490243428258_F01,這一招。。台股透西速 學起來 受用無窮,以前看了8k大這招 終於讓我領悟 透測 現在台股對我來說。。就跟吃水果一樣簡單 明天等著收領用錢,0
9870,1490528735630_F01,台股...看破手腳.. 有多單的小心,別懷疑....要修正了 3~500點 修正完 (一整天研究技術分析 得到的答案)<BR> 才是真正的買點......... 所以 結論是 準備好 錢.....<BR> 空台灣50 怕的是 明天一開盤 用跳的....... 就沒機會空啦..,0
9917,1490674471405_F01,台股完蛋了。。。空單見好就收,台股。。外資其實還沒跑 只是在殺多單。。殺到你沒信心 就要挑戰萬點 手頭有空單 可以慢慢補 不然明天在跳空長紅 你怎麼辦？,0
10050,1491137150811_F01,台幣還要強多久,明天又要匯生活費給小孩<BR>上網查一下最新匯率<BR>好棒棒喔<BR>台灣景氣回春了嗎<BR>算一算又要多付幾千,0
10106,1491537602814_F01,台股明天上萬點？,"今天買超140億,<BR>而且散戶證券餘額爆高點，<BR>沒有菜藍族加持的情下，<BR>明天是不是要上萬點呢？",0
10269,1491997318831_F01,5483—明天會更好......嗎？,台股目前在盤整，其它個股也跟著在盤，小弟買的美晶姐也很有趣，一直在50塊上下打轉，這兩天掉得有點多，希望不要再探底啦～<BR>外資還沒跑掉，題材持續發酵，希望明天會更好~~<BR>以上小弟的看法，不知道各位大大的見解如何呢？,0
10278,1492048846656_F01,請問放空的邏輯,假設有一張股票，今天開盤跳空跌停<BR>開盤成交量500張，目前掛賣的有5000張<BR>我預期他會繼續跌下去，所以打算明天放空五張<BR>假設明天開盤的成交數量跟掛賣人數與今天一樣<BR>一次掛五張能空到的機率很低<BR>我分五次掛賣，一次掛一張，成交機率是否會高一些?<BR>當然最終的成交張數也會少一點，我能理解<BR>--------------------------------------------------<BR>更新一下，我忘記盤下不可放空了，哈哈哈,0
10393,1492602239585_F01,台泥重大訊息？ 有消息嗎,台泥因為重大訊息而停止交易~董事會今天也無法決議<BR>導致明天又要停止交易，大家猜猜是什麼事，該不是要合併那家大陸水泥廠,0
10421,1492687541225_F01,明天台泥會不會跌停?,香港台泥國際 重啟私有化？<BR>那明天台泥會不會跌停?,0
10547,1493181606356_F01,台股很故意。。。。 誘空 殺多,明天 很怕 跳空大漲。。。因為我空了 但。。。連續2天帶量 我看 。。空的勝算低 怎麼辦？,0
10557,1493202493716_F01,2439美律～,今天早上看到新聞一直在說這檔股票<BR>看了試搓漲停鎖死<BR>用了幾分鐘看了新聞，完全大利多<BR>1.外資調高目標價到215（昨收151.5）有40%價差<BR>2.首季獲利去年的7.3倍<BR>3.進入2.3季業績加溫爆發中<BR><BR>於是乎我馬上就掛了兩張融資漲停<BR>只能說我運氣太好了，開盤讓我買到了<BR>後來又在開盤掛了兩張，後來委買太多沒買到<BR>收盤還有九千多張要買<BR><BR>請問一下大家股價真的可以如外資估的那麼高嗎？<BR>還是大概多少就可以先行獲利落袋<BR>明天大概價位多少內可在加碼買進？<BR>還是會修正再往上飆，修正時再買<BR>,0
10700,1493748592163_F01,感覺明天要破萬了,看摩台歐台的漲勢 然到明天要破萬了嗎 台股破萬是個好空點阿 大行情阿 大家要好好把握 幾年才來一次,0
10769,1493908076718_F01,本來不想講的 台股。。。。氣不長了,各位朋友們。。。注意 週邊一面倒 看多 連報章雜誌 都上看萬點。。。。你還覺得會上萬嗎？ 我比較笨 放空 就是明天 加碼空台灣50 最好大漲拉長紅 空下去 風險比較小？ 不然台股頂多 在小漲小黑 誘多單 我的看法啦,0
10844,1494165305137_F01,股票除權.除息.憑什麼扣減股票市值,舉例:股價100元..配息5元...今天買100元.明天除息後.股價變95元....換句話說今天買100元.明天開盤只能以95元計價.現虧5元...公司配息要一個月後給你.還須繳2%健保補充費.....這樣實際情況是所謂配息.是扣股價給股東.扣投資人的錢再還投資人....配息是公司給投資人...怎麼可以扣除股票市價....有人會說公司付息.資產縮水.所以須扣配息....但是股價高低與公司付息.資產縮水無關....我認為公司除息.股價不該開盤時扣除配息金額......講白現在方式不該參加股票除權.除息,0
10863,1494240936730_F01,玉山金 股息股利縮水,誠信問題 明天應該會小小反應一下,0
10923,1494487475707_F01,明天星期五(出貨日）到了，又剛好萬點,今天敢進場接手的人真有勇氣<BR>今晚美股如果跌100點以上<BR>明天挫咧等嘍,0
11162,1495367068906_F01,國民黨主席選舉結果出爐，周一台股會怎麼走？,蔡總統520滿周年，台股殺尾盤，國民黨主席今天選出來，台股明天會不會再殺尾盤？,0
11384,1496288803734_F01,股票買賣小問題,請問大大們 如果我今天買了股票 明天馬上賣掉（如果虧錢） 那後天補差價就可以了嗎？,0
11521,1496760103247_F01,2017空他&rarr; ( 6456 GIS-KY ) 蘋果還會發光嗎? (空爆他)，投資有風險，怕輸別買進,明天或後天可能會突破盤整平台後馬上拉回<BR>就讓我來進場布局空單吧(營收創高，我不怕)<BR>看我用權證大放空來襲～<BR><BR>看似散戶再多吃多<BR>這波漲潮結束後，肯定是看誰跑得快，血崩式的殺盤<BR>歡迎加入LINE@:@sunny0723 聊天討論<BR>單純自己的操作紀錄，純屬分享分析。<BR>8150南茂之戰 https://www.mobile01.com/topicdetail.php?f=291&t=5133459&p=1<BR>3376新日興之戰 https://www.mobile01.com/topicdetail.php?f=291&t=5160040&p=1<BR><BR>(其實也是有點怕被嘎上天拉，上次逆天買南茂、這次探高空GIS)<BR>(這就是操作好玩的地方) <BR>,0
11545,1496836597449_F01,台股。。好像要開始南下 因為,今天爆大量。。。。嘎空殺多 其實重點 我看到一個 不能說的秘密 那個也爆大量。。。。。沒錯的話 明天一開盤 應該跳空 殺 當市場一片叫好。。上看103xx。。。。。 我就恐荒了 (¯(∞)¯),0
11564,1496924111443_F01,以卡辦卡線上搞定 聯卡系統明天啟用,以卡辦卡線上搞定 聯卡系統明天啟用<BR>https://udn.com/news/story/7239/2512439?from=udn-ch1_breaknews-1-0-news<BR>金管會認證.<BR>各銀行加油培養下一批卡奴,0
11625,1497169618980_F01,大海問浪!?,明天，２０１７年，<BR>中華民國１０６年，<BR>中原標準時間或台北時間，<BR>６月１２日。<BR>黃道吉日，大吉。<BR>宜嫁娶，宜開市。<BR>早上九點零分零秒。<BR>AM０９：００：００<BR>台北股市開盤。<BR>不知道，此刻，台灣東北角，萬里海邊，白沙灣上，亙古不變的，第億萬道波海浪，是漲是跌。<BR>大海問，<BR>你為何總是執著？算我起落。<BR>何曾準過？有誰？,0
11637,1497246694574_F01,股市要大跌之前。。哪個東西會提前,爆大量。。。大概3到5天 就會開始跌了 。反向做多也一樣 但我不能說明白 不然我怕被抓去問阿 只要股市打滾10來年 你一定懂 股市還沒完全走空 頂多明天在跌一下 就要往上了,0
11639,1497247244736_F01,假設現在 多單 10113 10口做多明天會不會賺!!!,假設現在 多單 10113 10口明天有機會賺嗎?,0
11642,1497258263602_F01,阿娘位 今天外資大賣超100多億,只是反應美股跌而大賣嗎 ? 會不會只是賣一天明天之後就轉為賣為買 ?,0
11683,1497413654520_F01,大家不用怕。。頂多修正一些,台股三兄弟 阿積 阿光 阿海 如果沒重挫 不用怕啦。。。貼我的對帳單 明天一開盤 補掉 買多 還有超重要指標 8k大阿 都上看12682 所以不衝 行嗎？,0
11712,1497534087656_F01,美股又跳水。。,台股凶多吉少。。不是放空 或者空手 等待最佳買點。。。是不是明天? 如果重挫百點 我就梭哈,0
11801,1497937984218_F01,明天台指期就要結算了空單虧了怎麼辦,明天台指期就要結算了空單虧了怎麼辦，誤信空頭言論一口單慘賠2百多點，外資說紅海上看200那指數不就要創12682歷史高點，有下來應該反多重押一次丕回來。,0
12094,1499159440129_F01,6488環球晶 (空),今天這根紅k 出貨用的啦<BR>誘多殺空<BR>這檔融資太高哩~<BR>總之明天收黑<BR>歡迎各位股神提出看法~,0
12126,1499310994783_F01,權證參加除息會有影響嗎?,"比如我現在有某支的權證,價格為2元,明天除息,除息當日,這檔權證的價格也是從2元開始計算嗎?還是會什麼變化?",0
12210,1499699899036_F01,請益。在5擋價量表出現2000張掛賣,小弟無意間看到這個狀況<BR>剛開始不以為意，可是越想越覺得奇怪，<BR>如圖<BR>照判斷應該不是散戶團結<BR>一起賣在26.5<BR>因為和其他價位的量差距太大<BR>那應該就是大戶或是主力要賣<BR>可是，賣得掉嗎？<BR>如果我看到有人在26.5賣2千多張<BR>我會乖乖排隊在2千零1號賣？<BR>我會選擇便宜一點賣或是明天在看看<BR>這其中應該有秘密<BR><BR>懇請板上大大解惑,0
12250,1499846332777_F01,明天鴻海除息日~~忍不住賭了兩口,大家好!!!又是一年一度的鴻海賭博日~~~~明天有鴻海除息+兩家重量級法說<BR>請問各位下注了嗎?<BR>對了~~我下了兩口期貨~~~拚了,0
12258,1499868248935_F01,道瓊是否又要再度創新高了,看來是蠻有機會的<BR>希望明天超級星期四的台股也有如此佳績,0
12274,1499914907574_F01,週五大立光除息 櫃買強弱走勢?,這這幾天貴買開始轉強<BR>大立光明天除息<BR>櫃買大家認為會續強嗎?<BR>還是週五會影響?<BR>還是周一周二大漲強勢大立光填息?,0
12342,1500205589734_F01,暨泰豐(2102)輪胎後，東元電機(1504)觀音廠大火,桃園市觀音區新坡中山路的東元電機工廠今天下午突然起火，廠房冒出大量濃煙，夾雜大火悶燒，遠在觀音2公里外可見大量黑色濃煙直衝天際，桃園市消防局119據報，動員警消80多人及出動30輛消防車趕往滅火，消防人員全力撲滅火勢，大火在廠方2樓往外竄燒，疑因保麗龍、冷媒引燒大火一發不可收拾，所幸該廠無人員在內，東元電機該廠生產家電產品，損失目前不明，警消全力搶救，目前火勢尚未控制。<BR>轉至<BR>https://udn.com/news/story/7320/2586711<BR><BR>1504東元電機，明天開盤會不會與泰豐一樣呢？越燒越旺？<BR>p.s.願平安,0
12343,1500216325749_F01,東元 愈燒愈旺,來去高樂吃個餡老滿、小高玉壓壓驚！<BR>明天股價肯定往上衝啦！,0
12377,1500342224641_F01,該賺股利或獲利了結?,我有一檔股票(瑞儀)<BR>明天要除權息配4.5元<BR>目前我獲利約10%<BR>我每年的綜所稅是5%<BR>想請問版上的高手是利息費用高還是獲利了結的手續費高?,0
12382,1500352925109_F01,茂迪這是什麼意思,茂迪這是什麼意思<BR>我抽到了...明天是可以上市買賣??<BR>,0
12581,1501067103522_F01,統一及統一超明暫停交易,http://www.appledaily.com.tw/realtimenews/article/finance/20170726/1169201/%E5%B0%87%E5%AE%A3%E5%B8%83%E9%87%8D%E5%A4%A7%E4%BA%8B%E4%BB%B6%E3%80%80%E7%B5%B1%E4%B8%80%E5%8F%8A%E7%B5%B1%E4%B8%80%E8%B6%85%E6%98%8E%E6%9A%AB%E5%81%9C%E4%BA%A4%E6%98%93<BR>證交所晚間公告，統一（1216）及統一超（2912）上市普通股暨以統一為標的之認購(售)權證，明天起暫停交易，市場推測，應該有重大事件將宣布，因此明天股價先停牌，將於重大訊息公布後，再申請恢復交易。<BR>======,0
12608,1501157908326_F01,感覺有了電子盤以後，大盤就越來越愛騙人了,以前沒有電子盤的時候，感覺盤後的動向都還滿準確的<BR>比方說看摩台的電子盤是漲還是跌，大概就比較維持那個趨勢<BR>或者晚上看一下美股，美股的漲跌大概也有7~8成連動到隔日台股的漲跌<BR>但是現在感覺一直在騙人<BR>電子盤的漲跌都是僅供參考，晚上美股的漲跌也是僅供參考，連動性感覺沒有以前那麼強<BR>如果說大漲或大跌就也算了，現在動不動就先跌再漲，先漲再跌，比例來說感覺比以前高出不少<BR>雖然說昨天電子盤漲滿多的，早上也順勢大漲了<BR>但現在電子盤一樣再漲，我就有一種明天會騙人的感覺，感覺明天會先漲然後就跌了<BR>不過像這種盤如果是半年前，我可能就會覺得明天還會再跳空開高，連續大漲2天<BR>還是說一切都是我的幻覺，想太多,0
12885,1502258233050_F01,8/9操作,"昨天進的1313續抱<BR>理論上應該明天衝吧<BR>我猜的<BR>大家一起加油吧,希望各位都沒受傷",0
13038,1502796937473_F01,全台斷斷續續大停電為台股注入一劑強心針,台電真是厲害 選一個好時機 發動一次策略<BR>再加上中油漂亮的助攻 明天台股鐵定一路衝<BR>請大家坐穩了,0
13047,1502808610668_F01,完了~睡不著了 ! 明天台股如果大跌可以跟政府求償嗎 ??,完了~睡不著了 ! 明天台股如果大跌可以跟政府求償嗎 ??<BR>聽隔壁樓說<BR>1999y台灣大停電<BR>隔天台股大跌<BR>現在是政府施政問題 發生的停電<BR>台股如果大跌可以跟政府求償嗎 ??<BR>還有今晚飯沒吃好<BR>電梯無法搭<BR>回家後有一點熱衰竭<BR>如何請求傷害賠償.損害賠償 ???,0
13082,1502955238371_F01,人力銀行,今天在1111人力銀行應徵，沒多久後他打電話給我，<BR>請我明天去了解職缺，他傳給我地址是三盈人力銀行<BR>請問為什麼會是三盈人力銀行，明明是在1111人力銀行投履歷，人力銀行會抽成嗎,0
13150,1503330753777_F01,當大家怕的時候。。就是我買台股的開始,就是明天。。當大家縮手，不敢買。。一堆人想空 就是我梭哈台灣50權證。。。明天重壓 後天全賣。。。 賺個一支 孔劉 代言手機就好,0
13168,1503401043701_F01,錯過了今天台股。。8k大加持會大噴特噴？,千金難買早知道。。。錯過賺大錢的一天 真痛心 但。。8k大 講話了 就是明天 為了停他 明天梭哈台灣50權證 不用噴11000 只要噴2天百點 就好。。在加上融資戶 衝 衝 衝 想必行情可大了 怕賠錢勿買多單 勿跟進阿,0
13219,1503589136924_F01,明天可以追漲嗎？,氣勢如虹，明天會不會開高走高？<BR>可以追漲嗎？,0
13275,1503840847691_F01,加權指數 日線圖 k 80,上次加權指數 日線圖 k 80 崩跌<BR>如果明天大漲100點 會到 k 80 <BR><BR><BR>k20 波段低點<BR><BR><BR><BR>,0
13438,1504416772300_F01,今天金小胖「第6次核試爆」，明天台股會不會很爽??????????,中朝邊境核試爆<BR>南韓韓聯社報導稱，當局於12時36分（台灣時間今早11時36分）偵測到「人工地震」，疑為北韓核子試爆，正在確認中。根據中國地震台網測定：地震發生在今早11時30分，震央在北緯41.35度，東經129.11度，震源深度0公里。而美國地質調查所偵測的地震規模6.3，（先前報告指稱為5.6，稍後下修為6.3)，震央在承旨白岩東北東23公里處，震源深度0公里。承旨白岩在北韓北咸鏡道豐溪里，也就是過去北韓歷次核子測試的地點。中國地震當局也說，北韓的地震可能是爆炸引起。北韓今天早上才發佈新聞宣稱已擁有氫彈彈頭，且百分之百由北韓本土製造，北韓要做多少枚都行，外界認為北韓暗示將在近日內進行核子試爆。<BR><BR>今天金小胖核子試爆，<BR>明天台股會不會很爽??????????大家來不及跑.................<BR><BR>感覺..........會開戰..........,0
13554,1504784504494_F01,玉晶光。。大分析 進來看看唷,玉晶光 今天殺一根長黑棒 外資賣最多 如果明天小紅的話 應該是最佳空點 因為12號 愛瘋發表等於利多出盡 在加上第三季財報也快問市 我的看法 應該不好吧 哪以技術分析來看 長黑棒 已經破壞了多頭架構 所以 我之前輸的 一次要回來 看著辦？ 我是空權證 不是現股唷 盈虧自負 不要盲目跟單 <BR> 8大行庫 是錢太多嗎？ 買了100多張,0
13557,1504800735943_F01,先進光 現金增資之後續,"小弟今天平盤時已空手五張，盤末時一度來到77.7,收盤時莫名其妙拉到79.1,今晚就公布要現增，小弟看不太懂，輸錢是小，如果是內線消息走漏，尾盤應該不會拉這麼多才對，有高手可以解答我的疑惑嗎?謝謝，不曉得明天的走勢，好刺激阿~",0
13692,1505304001027_F01,頻果又出利空了..哪3406玉晶光,明天如果開小紅..........適不適就給他空下去 因為分析師 陳嘉偉 說...他空了 三天前 <BR> 這樣的話跟風.......空下去 肉還很多吧??? 我查過了 融資一直增加 空單在減少 外加外資也不買了<BR> 哪空的贏面 不是百分之90.999 想到就開心........... 如果你們跟風作空的話 贏虧自負阿 <BR>不保證獲利 投資是有風險的 我是賠習慣 沒在帕啦...................,0
13828,1505815447988_F01,期貨未平倉口數大減，是好?是壞?,今天(9/19)外資期貨多單未平倉口數大減近1.2萬口，這表示先提早結算嗎?(目前盤後續小跌)<BR>明天會是壓低?或仍是拉高結算(因還有5萬多口)?<BR>若明天結算未有多大起伏，是否表示外資仍是作多?<BR>請教前輩、高手們，明天過後會如何?,0
13875,1505970516726_F01,既空爆6269跟8299明天再添一筆2498,大家跟上空6269跟8299的<BR>相信這周都至少賺兩萬有了一張<BR>明天我再添一筆<BR>空爆宏達電<BR>他模式完全跟前陣子統一超一樣<BR>把最賺錢的給他人換取現金<BR>然後也是內線被透漏 閉關前都有人大量買<BR>但市場是殘酷的<BR>看看統一超 不飆反跌<BR><BR>當然研發部跟是科技業最強大的本錢<BR>話說到這<BR>你還在傻傻幫人抬轎宏達電嗎?<BR>看看vr 根本鳥成這樣<BR>玩沒多久就頭暈<BR>跟上 空爆宏達電就對了,0
13877,1505971586120_F01,宏達電明天會漲停嗎?,請問大家宏達電賣給谷哥明天會漲停嗎?,0
13968,1506305041332_F01,今日橘子,今日橘子要是收跌<BR>不管小跌或跌4%<BR><BR>明天會漲停<BR><BR>因為關鍵價位不能破<BR><BR>喜歡刺激<BR>可以參考<BR>另外美琪瑪與康普雖然弱勢<BR>卻不會跌停鎖死<BR><BR>未來拉高以後短空<BR>參考看看<BR>晚上資卷變化很重要,0
13992,1506352594952_F01,請鬼開?單,"最近在01上常看到有位自以為是<BR>真當自己是了不起的大師<BR>推票,解票樣樣?<BR>自我感?良好…<BR>今天若有跟風什?推荐…多單的<BR>明天就先住一下套房吧!<BR>后面再?<BR>敬祝各位操作順心!",0
14008,1506412366762_F01,橘子明天走勢如何,有機會11月上檔，明天不知道會變紅橘子還綠橘子,0
14029,1506492637261_F01,注意:有大戶開始偷跑,"尤其<BR>妖字輩注意<BR>開始思考,明天走向<BR><BR>所有類股<BR>有大戶12:00<BR>開始偷跑",0
14122,1506926611518_F01,台積電董事長張忠謀 宣布明年6月退休,https://tw.news.yahoo.com/%E5%8F%B0%E7%A9%8D%E9%9B%BB%E8%91%A3%E4%BA%8B%E9%95%B7%E5%BC%B5%E5%BF%A0%E8%AC%80%E6%98%8E%E5%B9%B46%E6%9C%88%E9%80%80%E4%BC%91-061915413.html<BR>台積電董事長張忠謀宣布，將在明年（2018年）6月退休，他退休後，台積電將採雙首長平行領導接續，由現在擔任總經理暨共同執行長的劉德音將接任董事長、魏哲家擔任總裁。<BR>明天會不會開高慶祝？,0
14138,1507008484254_F01,請問中秋節有開盤嗎？,覺得奇怪，週選擇權是今天結算還是明天呀？怎麼10450P還有13.5點呢？,0
14397,1508154815168_F01,請問 (3018) 同開今日公告問題,請問同開今日公告說:董事會決議買回自家股份<BR>因為沒遇過 所以想問前輩們明天是不是會噴出<BR>感謝,0
14470,1508420288759_F01,美琪瑪明天會漲停板嗎？,看了好多天<BR>融資餘額昨天回到9月25日的量<BR>今天的融資餘額日預期的，真增加很多<BR>不曉得能如預期的明天漲停板,0
14471,1508423046185_F01,做空被嘎翻天。。怎麼改買多 台股,感覺不妙。。 難道明天又要重挫 我的老天爺 而。。我壓的是台灣50權證 。。。。我怎麼那麼歹命啊！,0
14473,1508428227475_F01,緯創與和碩外資大賣...........................,是I8賣不好嗎????????????感覺不妙。。sorry 難道明天又要重挫orz 我的老天爺...........庚月首日,0
14522,1508756852741_F01,預估時間近尾聲,明天來買一口１１月10400的put來玩玩,0
14527,1508767860319_F01,台股。。關鍵在明天,我已經空了。。。 各位多單要小心呀！ 萬一明天跳空補一根綠棒 你怎麼辦？ 在大家看多 市場一片叫好 會發生什麼事？ 當然殺 殺 殺 萬一被我講中 我在補對帳單 證明我不是亂亂講,0
14553,1508841804661_F01,為了力挺台灣產業。。我下海買了。。。,宏達電。。。20張。。。。。權證 不要讓別的國家看扁 但。。。很怕萬一 明天如果 跳空開高的 會 賺錢也不賣 挺到底,0
14596,1508944963104_F01,台股明天走勢。。很重要的 進來看貝,明天台股一開盤 反應美股 會小跌開出 10=20點 然後要走自己的路。。。重點看壞 和保守不敢買 和超級看壞 會崩盤的人一大堆 外加融資沒增多少 在加上股海走跳10年功。。。我的看法 上看11000以上不是夢 近期而已 那重 重點是 宏達電 希望反彈一元就好 小賠 殺出 準備進攻0050 權證,0
14614,1509006892246_F01,旺紅法說不錯 壓他過好年,旺宏法說<BR>本人覺的根本大賺 17年最賺錢的又旺又收紅<BR>明天開盤搶小玩10張 等著數錢<BR>測試單,0
14637,1509098993304_F01,不用擔心大盤 ~ 下周將會大爆發 ~ 請坐穩了,2017-11-01今晚歐美大爆發 !! 明天要衝破10900了~~~邁向11000<BR>--------------------------<BR>經過嚴密各方計算 ~ 與全球多空消息匯整 ~ 下周將會大噴發 ~ 目標300點 !!<BR>信我者得錢財 不信我者就隔空觀火,0
14674,1509345412425_F01,穩懋(3105) 明天應該ok了吧??,"穩懋(3105)今天留了長長的下引線...業績這麼好, 又有不錯題材,明天應該ok了吧??<BR><BR>===============================<BR>11/2更新<BR>現在+6.5 我先下車了 短短3.4天從21x到26x<BR>我覺得可以了，雖然我一樣看好它，但落袋為安。",0
14684,1509361702559_F01,3630新鉅科,光學元件廠新鉅科（3630）將在10月31日舉行股東臨時會，董監席次將會出現較大的變化，由於丘鈦已躍居第一大股東，可望取得3席董事，丘鈦掌控董事會後，新鉅科將開始出貨給丘鈦。<BR>明天開臨時股東會，有戲看嗎？,0
14758,1509617454659_F01,明天～台股～會因IphoneX出貨～大漲嗎,看了一下<BR>我覺得哇真的出貨了～<BR>明天～台股要出貨了～XD<BR><BR><BR>QQ被洗版～<BR>明天～台股～如何走下去～<BR>個人是看空XD～<BR>這種感覺有種滿滿的出貨感～,0
14816,1509882252850_F01,明天開盤會開心嗎！,上週天天紅，明天開盤還會天天紅嗎？,0
14927,1510237601387_F01,連10季虧損 宏達電 如果明天利空不跌?,老實說...我已經放空 宏達電 認售權證.... 明天開盤後 會捕掉 賺個便當錢<BR>哪利空新聞一出來....如果沒跌 開小紅....... 我應該壓所有家當(沒多少錢) 衝了 <BR> 目前股價67塊多 再跌應該有沒多少 因為之前賣了多少億 我忘了....哪些錢 認列下來 <BR> 體質又會回到NO1 所以.....不怕 跌就是買 為了力挺宏達電 我也預定HTC U11+ 旗艦機 <BR> 誠意滿滿........希望股價能在我預料當中 跌等於買 衝 吧,0
15059,1510752048893_F01,台股多殺多啟動 最後逃命點。。是,明天。。。。哭口婆心的 大聲講 這個盤GG了。。。我的多單 明天市價殺出。。。。 原因是 阿海 重挫 GG電也沒大人顧。。差不多了 阿光 三個頭。。。。。我看 台股下看四位數 先賣先贏阿,0
15171,1511155399592_F01,台股代誌大條啊。。。。快,快跑！ 拉金融出電子 明天一開盤 會用跳的 但不要緊。。。。我空好了,0
15208,1511274489333_F01,股海血淚史。。不玩了,明天台灣50權證 空單要補掉。。。這2天大賠 明天還要賠 感覺外豬找自盈談好 一起拉。。。。嘎屬空單 那我就中了圈套 有夠賤 什麼5 10 20線 技術分析 都可以丟掉 枉費我以前還花錢上課 也買一些書籍研究 沒用就是沒用。。。看破了 吃人夠夠的股市 賺幾百元 每次大賠都好幾千元到萬元不等 。。。這樣下去 我一定跑路 搞到口袋空空,0
15371,1511895483534_F01,大立光3008 多,本週請留意，尤其是明天<BR>祝各位股市長紅<BR>11/28今日收盤5340<BR><BR><BR>據可靠消息指出,0
15380,1511930242191_F01,國泰金。。怎麼衝高往南下 怎麼辦？,我壓了。。。但 我跟自己對做 本來要買。。。結果空了。。。會不會明天就賠錢了?滿擔心的<BR>,0
15394,1511965500217_F01,台股 沒救啦。。。買多單 自求多福吧！,因為外資一直賣。。。散戶一直接 但。。。。散戶錢有限阿 沒多餘的錢拉台。。。。萬一 明天小小反彈。。。。星期五 殺無赦 你怎麼辦？ 唯一的機會就是 反向做空 找大型權值股 就對啦,0
15418,1512041197146_F01,完蛋了。。。台股爆天量 收長黑 明天一定,殺 殺 殺。。。。以技術分析來看 外加多殺多 正式啟動 但。。。。各位 放心 明天只要重挫 我會盡我的能力 買個幾張 國泰金 和日月光 幫你們解套唷,0
15425,1512061111537_F01,眼見台股陷入危機，特地寫給各位一封信,俗話說，<BR>危機就是轉機，<BR>機會就在明天<BR>五大看多理由:<BR>1.美股持續上看30000點<BR>2.台股高點換手(有量)<BR>3.距離2015年崩盤的時間點還太近<BR>4.續漲反而危險，拉回才健康<BR>5.自從去年打破520魔咒之後，台股前途無量<BR><BR>其實，<BR>散戶面對今天的爆量收盤，<BR>解讀會有兩種:<BR>1.外資高點大倒貨，比錢肯定輸外資，所以收盤仍收黑。<BR>2.外資集體換手，成交量成假象，但敢接的散戶又有幾位。<BR>我相信，<BR>明天出清的人還是有，<BR>這群人會選擇持盈保泰先觀望(預測低點10350)<BR>確實是最保守的做法，<BR>畢竟歷年以來當日爆量都不是什麼好下場<BR>但我決定今晚先設預約單了，<BR>趁開盤出現散戶賣壓，<BR>或許能撿到一些便宜<BR>當然，<BR>明天開盤跳空大漲百點，<BR>肯定跌破各地專家的眼鏡，<BR>也就此證明，<BR>今天就是一場假崩盤，<BR>好讓明天散戶真出場,0
15439,1512113164972_F01,有人研究8121越峰這支嗎？,前幾天明天就三線糾結 而且KD也低 為何還一直跌啊？有人在吃貨？ 還是有什麼消息呢？,0
15519,1512398105329_F01,8171天宇 公司不賺錢...股價飆翻天,這檔....想放空一張 玩玩.......... 原因是 公司不賺錢....賠很大<BR> 股價飆翻天.........不合理 明天希望拉漲停 來空一張 試手氣,0
15541,1512485005887_F01,台股先蹲後噴。。。各位買好了嗎？,股海大風大浪。。。看太多了 這種小兒科把戲 就想把我洗掉嗎？ 我還加碼衝。。。。 沒暴跌300點上以上殺盤 我攏嘛免驚 明天敢殺 我在買 所以股市投資人 抱好了嗎？,0
15571,1512558644807_F01,當大家恐懼時。。就是我買進的時候 有圖,準備銀彈。。。。拼了這一次 真希望明天 4943 康控 跌停 要梭哈了 目前是試膽量。。。。,0
15606,1512641398299_F01,日馳(1526)配合法說會開始挑戰新高點,日馳從11/7新高54元，整理到今天，12/7剛剛好一個月，明天主力將配合法說行情準備上攻，所以今天先漲，而且最近大盤不斷下跌，一定沒人敢買，從籌碼、技術、消息面(明日法說行情+11月營收準備出來)一氣呵成<BR><BR><BR>前3家券商買近7000張，均價在45元，市值超過3億<BR><BR><BR>45元強力支撐<BR>,0
15683,1512929561086_F01,橘子尬空模式啟動12/12~更新12/13全賣出,太棒了<BR>台灣40個伺服器爆滿<BR>韓國130個<BR>營收應該有一半<BR><BR>大家一起進去搶<BR>營收出來前先賣 週一漲停鎖死 周二也漲停鎖死<BR>大家一起追 <BR>營收有25E<BR>營收開出來前賣都賺<BR><BR>這主力很賤 故意丟幾千張出來假裝要倒貨<BR>///////////////////////////////////////////////<BR>12/11加碼<BR>今天撿了10張100橘<BR>偷偷報告<BR>融券今大增2640張 <BR>券資比比39.4%<BR>一黨股票只要高達30%上就很好嘎空單<BR>這些空單就會被尬 轉成助漲的單<BR>明天我猜漲停收吃驚吃驚<BR>////////////////////////////////////////<BR>12/12<BR>今天跌停了<BR>我還是不認輸<BR>我繼續加碼多單20張買跌停的橘子<BR>就不信他不會彈起來<BR>股票沒天天跌停的拉!當我會被洗出去嗎<BR>主力我會陪你好好玩<BR>這隻還有營收可以炒也<BR>等主力反彈大拉 尬爆你們空單喔,0
15707,1513061764209_F01,橘子(6180)可以空了嗎？,今天12號直接跌停鎖死<BR>現在空單應該是很多<BR>會不會主力明天又轉大買推升股價<BR>空單強迫回補<BR>造成尬空行情？<BR><BR>還是就這樣一路跌到50塊？<BR><BR>PS.新上市的天堂M幾乎都是負評居多,0
15713,1513076589123_F01,好想買這檔 強勢股 有圖,2311日月光 今天帶量突破 線都站上了。。。重點是投信在買。。。以往經驗 投信很少買一天二天 表示。。。。嘿嘿 明天拉回都是買點吧！,0
15747,1513175370246_F01,怎麼辦？ 放空明天鐵定。。。,被嘎爆。。。。百分之99.9 明天台股 跳空開高一路嘎 不信的話 就空吧！ 至於最佳空點是在下星期啦,0
15749,1513184284288_F01,幼教股 大地ky8437~布局大陸市場股價目前200明年上看400,F-大地<BR>目前爆量表態<BR>對岸的幼教股<BR>重壓 明年上400<BR>明天橘子開紅3%後我會賣出全部橘子股換這檔布局 請拭目以待<BR>長多格局,0
15770,1513269975409_F01,12/15測試單五張小玩橘子 尬空行情,橘子昨天早盤全出<BR>12/15今天開盤又來小玩<BR>手頭零錢<BR>小玩橘子<BR>明天請作多<BR>會尬爆空單..一堆人放空 必嘎爆!!<BR><BR>開盤綠都能接~開紅不超過3%也都是購買範圍<BR>如操作錯誤 跌停我會停損 但應該不可能 <BR>小試單5張而已 風險大 祝大家賺錢如意,0
15973,1514199557391_F01,今天聖誕節，美股沒開盤嗎？,今天聖誕節，美股沒開盤嗎？那明天台股有?資在拼盤了,0
16290,1515498967230_F01,勞基法休惡三讀通過後，股市會反轉嗎？,明天勞基法就要三讀了<BR>股市會反轉嗎？,0
16291,1515500019507_F01,勞基法三讀通過後，股市會反轉大跌嗎？,明天勞基法就要三讀了<BR>股市會反轉大跌嗎？<BR>好緊張！,0
16566,1516701902128_F01,2492 華新科,昨天看勢上漲買在108<BR>結過今天就跌到100<BR>請問明天會漲起來嗎？<BR>要一直報到漲回來嗎？停損要設多少比較好呢？,0
16573,1516711961314_F01,期貨保證班－等到今天在空才是贏家 11200之上全力放空,忍了好久才發文 ~ 今天才是最佳空點 ~ 11200之上放空會笑嘻嘻 !!<BR>外資期貨庫存大減到剩下3萬多口 ~~ 道瓊將反轉下 ! 台積電也出現漲多力竭 ... <BR>接下來下不用多說了~~~ 明天開始賺 !!!,0
16718,1517296283925_F01,救....救...救命啊.......台股烙賽???????,本來昨天要買顯卡概念股<BR>剛剛趁微星跌破百撿了一隻<BR>明天會漲停板嗎?,0
16725,1517326698700_F01,美股大磞盤了。。。沒救啦,還有一些多單。。。。明天一開盤 市價殺出 先跑先贏。。。。。。。 怎麼每次大磞盤 我都會遇到 真的很妙阿,0
16743,1517403744998_F01,股市怎麼爆跌 爆漲 我的心情七上9下,怎麼辦？ 明天又要跳空噴出 目前美股期貨噴了 股票買了睡不好 賣了又要噴。。。。。老天爺阿 該怎麼辦？ 耐心和定力要如何修煉？ 才不會被洗掉,0
16765,1517482631131_F01,請教各位。。。。這檔股票 空的贏面大嗎？,我觀察好久了。。。外資昨天買了300多張 今天賣了100多張 感覺是在誘多。。。。所以結論 明天好想空這檔唷 感覺要南下 還有3塊錢的空間 所以人手一張 空 有錢大家賺 2033 佳大 鋼鐵股,0
16831,1517743563182_F01,明天。。。台股只要重挫300點以上 算是發紅包行情,是最佳搶一天反彈 紅包行情。。。。 首選 台積 鴻海 台灣50 和鎖碼股 2033 佳大 賺了記得跑阿。。。。。。當衝最保險 不信的話 我會貼明天買的對帳單 給大家看看,0
16874,1517876186797_F01,台股完蛋了。。去了了 逃命阿,先賣 先贏。。。。逃命要緊 不要明天在重挫300點 你怎麼辦？,0
16924,1517911932693_F01,選擇權別當賣方,明天道瓊只兩種可能<BR>1. 漲1000點<BR>換CALL 漲停<BR>2. 跌2000點<BR>PUT繼續漲停,0
16929,1517913140809_F01,期待明天開盤,希望明天一樣繼續大跌~<BR>不跌就買不到便宜的定存股<BR>銀行股拜託再跌多一點<BR>這樣入貨才能再更便宜<BR>別再說甚麼配股息要填息才有賺的廢話了,0
16932,1517916993964_F01,第一次 一天收到5根跌停板 難瘦,燿華<BR>瀚宇博<BR>羅昇<BR>大亞<BR>凌揚<BR>收盤後只剩要滑被關<BR>其他都解禁<BR>6153 上星期47.3賣了 幸好<BR><BR>明天不知如何？,0
16946,1517928345205_F01,散戶皆醉我獨醒，明日見真章,看到各位今天藍瘦香菇的樣子，<BR>我就破例告訴你們真相好了<BR>盤中暴跌645點，<BR>這個數字確實矇蔽了大多數散戶的眼睛，<BR>不過卻成了台股未來將會如何走下去的重要關鍵<BR>如果你都沒發現，<BR>想要繼續在股海漂流可以，<BR>但下一次暈船的可能還是你<BR><BR>明天，<BR>我已經準備好了，<BR>你們準備好了嗎?,0
16948,1517932086569_F01,請問明天才買50反一會有賺頭嗎？,請問明天才買50反一會有賺頭嗎？<BR>不知道各位大大的建議如何？<BR>謝謝！,0
16978,1518009825145_F01,真想知道3035智原再漲甚麼,這檔股營收都下滑 跟當初精材一樣在炒作!過2周就會打回原形 <BR>明天有高可以空他!,0
17098,1518331539714_F01,全球股災，明天台股會跌破萬點嗎???????能否逃過一劫?????,全球股災，明天台股會跌破萬點嗎???????能否逃過一劫?????,0
17246,1519122663475_F01,小道大跌,明天開紅盤恐還是開高<BR>坐好了,0
17264,1519193265176_F01,扶不起的阿斗海＠.＠？？？？？？？,2317 鴻海..............<BR><BR>再次發勸世文 奉勸大家別買這張<BR>要買可以 請80幾元再進場 還沒97就要趕快閃了<BR>至於買到100多的 不是住永久魔法卡套房 就是認賠殺出吧<BR>你會說我每年跟他配股配息.............<BR>阿呆喔 幹嘛把自己的錢放在裡面讓老狐狸郭台銘亂揮霍?<BR>今天台股大漲 我光是顯卡概念股就賺了4萬多 但反觀飛輪海.......<BR>真的千萬別買這檔 這張是巴菲特親自認證過的阿斗啊<BR>By the way 歷史上的阿斗其實是大智若愚 並不是大家表面看得那麼白癡 聰明天才的很呢!!!,0
17287,1519282685221_F01,買股票要賺錢不需要任何複雜的方法 只需要看一個東西就好！！！,各位可注意 明天2377微星要漲了 呵呵 這算洩天機嗎?? 當然不是<BR>有沒有注意到 很多業績明明很好的股票 該漲不漲 還跌下去<BR>反而放壞消息的爛股 一直衝<BR>放好消息的 隔天或後天都會跌<BR>剛好今天有新聞再說微星業績不好 評比下降 外資降低持股<BR>所以我趕緊買了四張<BR>還有57跟58台那些苦海冥燈嘴砲王財經專家的話 聽聽就好 <BR>你們就是跟著他們的嘴砲買 才住套房的,0
17290,1519286884002_F01,跟隨外資買台股,安安<BR>又輪到本肥宅出場啦<BR><BR>先在這邊祝福大家新年快樂 狗年行大運<BR>好啦 切到主題<BR>大家都知道<BR>外資佔台股權重75%<BR>可謂 喊水會結凍<BR><BR>肥宅我朋友因此建議我<BR>買股票要隨著外資腳步<BR>例如媒每天收看外資買超榜前30名<BR>假設今天外資買超排行榜第30名是A股<BR>明天A股變成排行榜第23名<BR>就要開始觀察，如果基本面不錯，又有新聞題材的話<BR>即可大量買進<BR>想知道版上一堆財經專家，股票神人<BR>按照這個邏輯<BR>賺錢機率很大嗎<BR>可行嗎<BR>哈哈哈,0
17340,1519537639772_F01,罕見! 全台衛生紙搶購一空,永豐餘將直接受惠，<BR>明天迎接漲停<BR>可惜我沒這檔，<BR>因為去年沒發股利，<BR>就賣掉了<BR>不確定衛生紙風波何時結束，<BR>但這絕對是利多,0
17371,1519677045726_F01,搶買衛生紙 - 擔心 ;;; 搶買造紙股 - 當心,"消費者搶買衛生紙, 是因為要省荷包, 不是因為多吃或多拉要多擦嘴或多擦肛門, 也不會因為漲這一點而流淚需要多用衛生紙.<BR>如果不是原料供應商, 成本推動的商品漲價行情來得快去得也快. 今天消費者多買, 明天就會少買, 買不到或嫌貴的人就減少用量, 這對供應商非好事",0
17414,1519795419368_F01,美律法說會-明天是否要跌停,美律昨日法說會指出2018 第一季會比去年同期下滑.<BR>一月營收年增47%，但是第一季還是會下滑，代表2，3月營收很慘？ 明天有沒有可能直接鎖跌停,0
17496,1520087517834_F01,慘，當心川普保護主義重創台電子股,美國貿易保護主義抬頭 下個目標恐瞄準SSD<BR>林怡伶?2018-03-02<BR>繼洗衣機、太陽能板後，美國再將保護目標瞄準南韓鋼鐵產品，最高可能遭課徵53%關稅，此後使否會轉向南韓獲利最高的半導體產品，引發業界高度不安，不過，部分人士認<BR><BR>*明天先看血流成河的鋼鐵人股<BR>後天，嘿嘿嘿，電子業也快了，別急,0
17535,1520225214395_F01,台股最佳買點是今天。。。因為,你沒看到嗎？ 上沖下洗 是為了明天大漲做準備。。。。。所以我為了安全。。多空都有 安啦 安啦。。。。。。 買就對啦！,0
17574,1520349462103_F01,台股....高點不多了 崩盤 倒數計時,我多單全出....加碼空單.......... 不要不信邪 這次.....要破的是萬點....向下 <BR> 所以阿...........明天是最後反彈....逃命用的 不是去追買股票 三月底 包你看到,0
17604,1520417999035_F01,6153嘉聯益現增,"6153嘉聯益現增價38.00,目前市價37.80<BR>市價現增價,鬼才要去參加現增<BR>所以該不會這幾天會拉一波,才好順利現增<BR>明天立馬進個幾張試個水溫<BR>尾盤沒拉,隔天砍出",0
17679,1520732210917_F01,請問大家對於這些圖表看法,外資二月之後幾乎週週賣超，目前還沒看到收斂的情況，但是指數已經回穩加上禮拜五美股又大漲，明天台股可能也要開高。<BR>敝人感覺短多長空啊...<BR><BR>,0
17685,1520778041680_F01,1.2月營收繼續成長的股票.會不會也是一日行情???,8929富堡 : 富堡(8929)2月營收1億1036萬元，月增率-17.78%，年增率33.04%<BR>4916事欣科 :事欣科 2018年2月合併營收6.29億元 年增198.48%<BR>明天會怎麼走<BR>應該可以補回星期五.三商電最高價賣出.變成最高價買入的笑話吧!?,0
17740,1520940977578_F01,2367 耀華,今天漲停鎖死的量，來自嘉義富邦1600餘張，統一富邦也有近500張，如果明天漲停，大家要小心啊!,0
17778,1521034550489_F01,看了8k師父的 私房股。。。我盡然賺錢了 有圖,感恩。。。8k師父 有你真好。。。本來的我 已經跌到谷底 不知道地下幾樓 然後看到你的阿寶 就壓下去。。。。賺錢了 明天趕緊賣掉換現金 真的 希望你能公開持股 我在來找權證壓寶,0
17961,1521627993900_F01,百分百 明天台股 跳空下挫40? 然後。。。,趕緊落跑。。。。。。殺盤 正式啟動 不信看者辦！ 不準的話 要退出01了買空買好了 等待明天獲利,0
18009,1521724649948_F01,解明天的盤。。歡迎進來討論唷,這個盤。。今天是主力黑手故意拉高殺盤的 主要嘎空和嚇信心不足的投資人 今年重大選舉年 有黑手檔在照顧 別怕 拉回找買點 基優股 和殖利率高的可以買 像仁寶 。。。。 明天的盤。。受美股重挫 明天開低 殺一下 就要在往上拉 所以手上有空單 建議明天開低補掉 。。。。我的經驗 大盤要奔向12000以上喲 請大家告訴大家 別在空了 有8K大師的加持 盤勢穩的很,0
18132,1522070015199_F01,台股 明天只有一天行情...開高 都是賣點,以我多年的經驗 ....明天多單全出 然後.....找小型投機股 空就對啦....... 像 2033 佳大 大 多單明天出調 空就對啦,0
18166,1522157787931_F01,2018 最猛 飆股再起.......,2498 宏達電......營收虧越多 陪很多錢..... 但 外資 和自營 大買............. 明天 決定拉....買個2張 玩玩 不然 明天 在拉一根長紅 少賺很多啊 跟單的話 盈虧自負阿,0
18280,1522408805431_F01,今天做錯一件事。。提早做空 怎麼辦？ 圖片上傳了,盤後。。。期指又在噴。。。。感覺我的空單 不樂觀。。。。真怕明天 台股 獨自開盤 被嘎到天上去。。。 做空的朋友 來集氣吧！,0
18323,1522539474794_F01,股票新手第七篇：所有已知的資訊都是垃圾,你知道的已公開資訊全是垃圾其中有三大法人買賣超，因為明天不知道,0
18373,1522690088330_F01,明天應該賭反彈還是空大盤? 剛好遇到放假真討厭,"美股今晚大跌確立, 明天台股照慣例, 大盤預估開在10750附近, 真是讓人猶豫的位置<BR>反應川普科技類產品加稅政策, 公佈日應該會再跌一波, 台股應該破10600支撐往下<BR>中國再報復公佈一輪...台股也許就破前低了<BR>上面這個劇本是正常版<BR>但如果川普延後公佈......那明天就是好買點<BR>說不定大盤就創新高<BR>好猶豫, 如果這星期沒放假還能等趨勢更明確些......<BR>明天到底該押跌還是接刀哩",0
18489,1523182767780_F01,台股 明天是關鍵........,美股.....不用理會........ 只要明天一開盤...重挫都是買................ 乳果不幸 開高 就是賣.......<BR> 簡單吧............... 只要一檔 台積電 來回操作.............. 吃便當的錢 就不用費心 阿 阿 阿,0
18495,1523202027664_F01,《新聞》川普認美中將達智財協議 爭端可望解決,感覺明天要報復性大漲了<BR>滿手多單<BR>本來還擔心星期五的美股跌會影響明天開盤<BR>誰知道川普帶來好消息了<BR>感恩川普！讚嘆川普！<BR><BR><BR>（中央社華盛頓8日綜合外電報導）美中貿易爭端升溫之際，兩國交互祭出報復性關稅與威脅言詞，衝擊各地金融市場，美國總統川普今天卻表示，他預見爭端將會終結，美中稅收將對等，也會達成智慧財產協議。<BR><BR>川普在一則推文中表示：「中國將降低貿易壁壘，因為那是正當作法。稅收將變得對等，也會就智慧財產達成協議，兩國都會迎來美好未來！,0
18501,1523231659633_F01,股票新手第十五篇：歷史只會不斷重演，但重演的卻不是歷史而是人性,有些人會統記幾年來一個景氣循環，哪個月台股最會跌你信嗎？.......你覺的我信嗎？人不要活在過去，偷偷告訴你：技術分析是中性的可說好可說壞不信的話你可以嘗適看看(不要搭配基本面的技數分析)，再偷偷告訴你百分之八十以上的人會研究技術分析但能贏的人剛好跟在人性跟基本面上，然卻又不帶感情跟嚴守紀律這又跟人性相危背，你會常看到有些人忽多忽空今天上看15000明天下看5000！這哪招啊，我做夢去,0
18552,1523328711021_F01,挖礦顯卡概念股的 「冥燈」 來啦！！！,比特幣挖礦效應 3月出口創新高<BR>是的不用懷疑 我也不是在害各位 這個爛招 已經被大戶或外資 用過非常多次 <BR>但就是有笨蛋會被拐進去 所以才有所謂的冥燈 <BR>但明天周三顯卡概念股還會再跌 各位別笨笨被當肥羊宰殺<BR><BR>過1~2天再買吧XD,0
18640,1523588834972_F01,請問3406妖怪股有誰被洗出去了?,我是不建議現在追~<BR>已經跨過季線一段了<BR>有人被洗出去嗎?<BR>想當初出去年底360買進<BR>有喊抱牢 我的確也有抱牢 <BR>逢低加碼 有人被洗出去嗎?<BR>不知要多少賣掉 我是不相信1000拉....<BR>---------------------------<BR>就像6150 有人昨天言論會說比特比大漲 明天會噴噴了<BR>但比特幣跌時6150也是創新高阿 <BR>怎會去用比特幣言論拐新手上車?????<BR><BR>對了 憾訊這幾天看到買點我用幾張小玉去玩玩好了 在次PO進場<BR>畢竟股版神人STD大說五月會有戲阿~<BR>就聽神人話 找買點囉XDDD<BR>,0
18734,1523905367450_F01,我希望明天大漲,我期待明天大漲<BR>原因是我做多<BR>而且買了三口喔,0
18767,1523963070474_F01,台股沒救了!!!!!!,"怎麼看都覺得明天會大跌,最少跌個150點吧!",0
18841,1524152991065_F01,請問摩台與台期差很大?..目前,目前4月19...23點15分<BR>摩台期400.9(現貨409.24)<BR>台指期10880(現貨10971)<BR>是不是摩台有甚麼要減掉的<BR>明天??<BR>請問,0
18940,1524407301799_F01,明天2330究竟如何呢???,小弟大部分都持有的是金融股，唯一的電子股就是2330了，而且持有的價錢有點高22X....<BR>經過上禮拜五的殺盤，禮拜五晚上ADR又再續跌。<BR>明天會不會繼續續跌呢??? (美國跟中國正在吵架)<BR>有人可以給小弟信心嗎??? <BR>各位投資神人如何看待未來展望呢???<BR>,0
18982,1524538631064_F01,"多觀望一天,如果明天大漲,手頭所有資金重回股市,暫不考慮房地產了","多觀望一天,如果明天大漲,手頭所有資金重回股市,暫不考慮房地產了",0
18986,1524545055914_F01,台股崩塌了。。。。趕緊逃命去,先賣先贏。。萬一明天在跳空重挫 你怎麼辦？唯一的辦法 先賣就是贏家 8000點左右在買回來,0
19003,1524569248305_F01,融資斷頭後 我們陸軍準備上刺槍了,今天大跌下殺10550點，然後一個極限v轉直接朝向10600以上前進，低檔目前支撐力道夠強，國家隊死守10550點，<BR>明天開盤直接跳多漲到10800以上，正式進入多頭的趨勢，今年漲勢13000點^^<BR>已全力在10560做多十口台指期 看看這波漲勢能否讓我大賺一千點行清 直接放到結算日<BR><BR>,0
19059,1524724241022_F01,999958請問世紀鋼發生了什麼事,世紀鋼才被關出來就急跳水，還差點亮燈，原本以為今天會開始噴，竟然往南走<BR>根本就是股市版的大怒神<BR>雖然他30幾60幾也曾這樣很多次，甚至收盤前15分突然從接近漲停跌到跌停～<BR>不過今天真的特別緊張?遴選名單就要出爐了，主力開始出貨了嗎？<BR>希望主力只是在洗散戶沒有要跑，畢竟主力成本才10幾塊，根本玩不贏<BR>明天是不是該做空兩倍跟自己作對<BR>999958,0
19075,1524733952154_F01,第一金 股息0.9 股利0.1,有第一金的各位 明天你會繼續買 還是賣出換股 <BR>或者是不動作 參加除權 <BR>明天開盤 大家覺得會有失望性賣壓嗎？<BR>應該沒有慶祝行情吧。,0
19145,1524963295447_F01,開獎: 日月光控股上市 每股89元,"想請問明天是直接開盤無漲跌幅的限制嗎？<BR>中興電/華為的事件是否會造成股價影響, 或是直接破百開出？",0
19208,1525179796099_F01,多明尼加斷交事件，明天的股市會被影響嗎？,無情！多明尼加與中國建交<BR>請問各位前輩<BR>明天股市開盤會反應今天的無情嗎？<BR>外資會跟著落井下石嗎？<BR>還是國安基金已經準備好護盤了？,0
19411,1525782022702_F01,3711 日月光 前幾天 發佈利多。。結果,有漲一天。。第二天 籌碼鬆動了。。。今天外資也大賣。。。結論是 人手一張 空單 散戶們 一起來打敗 吃人夠夠的 外資 有錢大家賺。。你說好不好 明天起 壓了 壓了 空 空 空,0
19418,1525796135892_F01,神奇台股的籌碼棒子交到誰手上了... 疑! 是你嗎?,簡單的數學題目<BR>2017封關 10642<BR>2018神奇台股在三大法人今年以來賣超2068億下今天收 10691 (5/8)<BR>籌碼現在都被洗到哪裡去?<BR>現在雖然有御賜忠狗要幫主子周年護盤?<BR>可掐指一算也才365億<BR>剩下的到哪去了呢?<BR>這台股可真是軍容壯大~<BR>晚上川普拋棄伊朗協議<BR>明天忠狗又要忙了<BR>D-13 Day 留個紀錄!!,0
19441,1525840861477_F01,早上沒睡飽。。。想要買多 變成買空 。。。。怎麼辦？,萬一。。。。明天開始井噴 怎麼辦？ 8k大師都加碼買進 我竟然跟他 師父 對作 好擔心阿？,0
19478,1525956845483_F01,3711 日月光 我補畫的技術分析,各位。。。達人 好。。。。我覺得 3711 日月光 明天的走勢 會那麼關注 就是很想壓一把 會照這個圖走嗎？ 三角收濺 準備要噴了,0
19588,1526308505424_F01,A股入摩，台股能活？,明天開獎<BR>衷心的建議<BR>權值股和高外資持股別碰<BR>八大拼不過外資,0
19638,1526447570696_F01,哇。哇。 3406 玉晶光 月kd黃金交叉,怎麼辦？。。。。。趨勢不明 又黃金交叉 是月的唷 以前我老師 有講過。。。。黃金交叉 就是即將噴出 在觀察一下。。。明天如果噴 在來追,0
19681,1526544514897_F01,徵求持有悠克6131現股或融資想賣出的人,這檔明天停止交易，應該跟和旺一樣完蛋了，小弟有4張空單，如有台北地區想出脫的人請私信議價，可配合到您開戶的券商辦理。,0
19690,1526568292214_F01,4725信昌化 轉機成功生化股 低檔布局 拉回30下都是買點.放著等噴,今天有拉回 明天如有拉回可以買唷！<BR>低檔布局９４安全<BR>上周五看到表態就進場 買了 <BR>今天有拉回<BR>還在低檔推薦給大家<BR>今天公布四月自結ｅｐｓ０。４５<BR>保守預估會到４５塊<BR>盈虧自負<BR>我是目標放到４０塊出<BR>預計半年內達成<BR>來６６６６６６起來<BR>,0
19754,1526795257926_F01,3147抽籤,明天就是抽籤最後一天了<BR>覺得這隻滿樂觀的有潛力<BR>有人要一起加入戰局嗎？,0
19790,1526910933882_F01,太可怕了。。。3406 玉晶光 漲停 然後 融卷大增,哇。。。表示 明天又要井噴 嘎空行情 啟動。。。。猜不透 為什麼 漲停 還有人敢空 擺明是送錢給外資花 有圖,0
19815,1526989785377_F01,2911麗嬰房,大陸解除一胎化<BR>超級大利多<BR>早已布局大陸<BR>且殖利率高<BR>進可攻退可守<BR>今天股價已反應<BR>明天開盤沒鎖死開盤價進場,0
19860,1527080367825_F01,8069 元太。。。感覺是在誘多,各位股市 達人 好。。。這兩天 發現這一擋 8069元太 昨天主力誘多 今天就殺。。。表示 明天是最佳空點。。。反正營收也不好。。不空 的話 財神就擦身跑掉落 外資還大賣兩天,0
20105,1527785796028_F01,2458義隆,小弟在43塊買了幾張義隆，前陣子漲到50多塊，又一路殺到42塊，原本看好減資完，題材基本面佳，有上漲空間，打算留到減資完。沒想到今天拉尾盤大漲2.7元至48.5，又放利多，感覺好像主力要誘散戶進場。明天該停利出場嗎？,0
20187,1528128373881_F01,還有空軍在嗎?,這一週被嘎了10%<BR>剛看美股大漲<BR>明天要棄空轉陸嗎?,0
20209,1528185670247_F01,國巨,按照今天拉回 明天開低做多 現沖 有肉？<BR><BR>給參考盈虧自負 明天看情況再決定進場,0
20223,1528211257221_F01,如果中了頭彩，你會？,如果明天你中了頭獎，稅後有兩億左右，什麼可以稱的上，現階段最好的資產配置？？？,0
20374,1528706976234_F01,華晶科這檔股票還可以接嗎?(短線),華晶科之前看融資很多，很多人衝來衝去~今天爆量漲停，明天拉回可以接嗎?看營收和發展布局還不錯~<BR>,0
20451,1528887089461_F01,世足球衣概念股 現在追來得及嗎@@?,2018世界盃明天要開打了@@<BR>回想上一次跟2010兩屆的世界盃紡織有沾到邊的都有不錯漲幅~<BR>這次不知是否也會?<BR>剛剛看了一下好像都有一定的拉抬過了....<BR>不知您看好哪一隻^^?,0
20575,1529341036327_F01,6/19 交易計劃/記錄,soybeans 下跌，測試了週線前支撐，今天若收小陽線，明天突破小陽高點進場做多，止損小陽線低點<BR>賠率至日線上方壓力位944.45位有2，再向上回均線有機會2.5~3，到再看怎麼移止損。<BR>猜底的成功率低，賠率高。大概會用小一點的資金1%。<BR>其他的明天再來看,0
20607,1529425714962_F01,6/20 計劃與記錄,今天股市確實有滿大的陰線，不過美股目前看來收了一些下影線<BR>歐、德、法、英都是跳空後慢慢在向上爬<BR>亞股感覺偏弱一些，明天做MHI得偏弱盤整來做。<BR>Soybean跌好大，直接去測試週支撐843，Corn也是跌很大。<BR>外匯等明早換日再看，暫時看不到什麼商品值得做<BR>早上看了外匯，大概只有歐加要看一下多,0
20637,1529487778662_F01,1439（中和）請益,這檔前陣子朋友報給我的，故小弟在均價51元左右買了40張，沒多久就開始回檔，想請益高手看法，這檔是該續抱或是明天開盤就認賠出清？,0
20640,1529490179985_F01,2049上銀（請益）,看線性，感覺明天要噴了……<BR>不知道有沒有大大願意分享經驗？！,0
20648,1529512209634_F01,6/21 記錄,今天NASDAQ較強，頂在前高，其他澳指、印度較強，剩下的應該都需要盤整<BR>貴金屬的跌勢稍停，黃金2ma在等上方的空點，農產品無法追空，等調整<BR>不過Cocoa有向上，重回週均，若能再調整一些時間，有些型態會考慮做日線多<BR>6/20歐加的多型態普通，放棄<BR>外匯早上再看<BR>明天MHI以弱勢調整來做，繼續執行10筆停單，希望能先穩定下來,0
20669,1529600483520_F01,藥華藥操作教學 190賣 165買,這種股票只能玩區間來回 190賣 165買 !! 看歷史的圖就可以驗證了<BR>千萬不要死抱活抱 !! 有庫存的明天一開盤 還有機會高價賣掉 千萬不要等到收盤後暗自悔恨 !!<BR>明天不賣又要等三個月了 !!,0
20676,1529607566261_F01,6/22 記錄,"看了一下指數，HSI, DAX, CAC比較弱，開始要找一些裡面的股票準備空<BR>美指還沒完全走弱，觀察XLE, XLK, XLP成份股，等機會<BR>貴金屬Pd，破週線，有回檔或明天收線前考慮進場<BR>Coffee有些可惜往上拉，繼續等待<BR>FX早上決定<BR>週五了，希望我MHI當沖能爭氣些，節奏慢慢跟上",0
20733,1529827868615_F01,權證參與除權息,明天台積電要除息了。<BR>請問有無每年會固定會以權證參與除權息的版友<BR>可以分享一下經驗？<BR>如何挑選標的？<BR>多久前進場？<BR>除息當天就出嗎？<BR><BR>謝謝,0
20742,1529847086223_F01,明天要台積電除權了 有人跟我依樣 盤後雙買850賭的媽？？,如題明天要台積電除權了 有人跟我依樣 盤後雙買850賭的媽？？,0
20795,1529984481726_F01,玉晶光，我現在該怎麼做.....,是大盤不好她才跌著麼慘....對吧?<BR>-<BR>放這??<BR>-<BR>還是停損??<BR>-<BR>還是等反彈就停損??<BR>-<BR>還是等 明天法說再看看??<BR>-<BR>還是等 新 I Phone出來賭一把!!<BR>-<BR>請給我一點意見，《我會自己負責的，感謝!!》,0
20852,1530120315349_F01,美股大漲165點 ~ 台指才漲10點 ! 趕快做多台指 5口!!,先來下單10564 5口 明天早上9點開盤賣掉 !!應該有的賺 !!!,0
20890,1530190927716_F01,歐美股大跌169點 ~ 台指才跌21點 ! 趕快做空台指 5口!!,先來下單10502 5口 明天早上9點開盤賣掉 !!應該有的賺 !!!,0
20986,1530517859605_F01,7/3 明天周二 股票會大跌嗎@.@?,真心希望明天股市大跌 尤其被動元件<BR>這樣就可進場撿回頭草了,0
21061,1530705201316_F01,空單明天留意增加橘子6180發利多偷偷倒貨，快公佈營收會。。。幫哭哭(歡迎勇者跟哥對做),空氣單明天增加６１８０橘子<BR>出貨量+昨天發利多說殺小區塊鍊第一<BR>被套牢的慘戶看到新聞 失去判斷會想說抱抱看＋暑假才剛開始在抱好了<BR>但我想說的是遊戲族股不是半個月前 就已經主力攻上去了！！！！<BR>大宇資 橘子 都在倒貨<BR>橘子應該有望破前低價 <BR>六月營收 看這倒貨量會有87%如何。。。。。<BR>聰明的應該都知道 歡迎對做<BR>明天橘子有拉高紅 就可放下空單 <BR>被小尬沒差 上面套牢量多到賣壓會很大<BR>根本尬不上去 空到前低在回補,0
21081,1530772109577_F01,明天感覺會很恐怖？,今日尾盤大殺是否為明天而預告？被動元件明天希望能硬一點@@,0
21248,1531383653238_F01,千興2025董事長收押(底部為水泥，跟土壤隔開，六價鉻應不會滲入地下水。),千興2025<BR>昨天加今天兩支跌停，<BR>明天有點想接 <BR>如下文章提到<BR>http://news.ltn.com.tw/news/focus/paper/1216024<BR>檢方說，六價鉻之前在廠房內退火爐下凹區檢測的數據是13.7mg/l，標準是2.5mg/l，<BR>超出標準五倍，但因退火爐下凹區底部為水泥，跟土壤隔開，六價鉻應不會滲入地下水。<BR>既然不是直接埋在土壤，是否還算有得談呢？,0
21377,1531833237817_F01,只做這一檔。。空 空 空 肉很多唷 啟動中 有圖,2049 上銀。。籌碼面 外資 自營 都在賣。。包含投信 融資增加。。。外加 融券大增1100多張。。。。表示啟動了。。。 明天準備一筆錢 梭哈 上銀權證 認售 希望能賺到半台 toyota 阿堤斯 我就滿足了 老話一句 盈虧自負 跟單的話 自己負責 我是輸習慣了 這小兒科 不怕 我這次信心十足 是因為上銀 要發行股票 價格250元 目前股價是312 所以我認為 肉還很多 拿一二塊 不過份吧！,0
21386,1531878247165_F01,"空單已停利回補,空爆國巨爽買gogoro 2327掛930空",炒高價<BR>好消息出來 就是給你放空的 <BR>關姐VS庫藏股 督機?<BR>國巨2327放空 賺到一台gogoro在回補<BR>666666<BR><BR>&rarr; gn7722: 明天國巨開盤即收盤也不用看了 07/18 00:57,0
21408,1531908447862_F01,陸股準備下來打第2隻腳了？,陸股今天的走勢像個向下的鐵鎚<BR>我猜上證50還要破底到2250？<BR>明天亞洲股市盤中要防範陸股下跌的波及？<BR>這波如果再打下來<BR>包括陸股還有H股應該都會出現日線KD背離<BR>到時我要進場了...,0
21440,1532019490870_F01,台積電ADR大漲 4.2%,"台積電ADR目前大漲4.2% ,明天大盤有機會上攻.<BR>摩台指也上漲 0.55%.",0
21490,1532228122511_F01,7/23仁寶除息，最後一波低點?,終於換仁寶除息了，<BR>各位都等很久了吧?<BR>明天除息後，<BR>仁寶開盤價會在19元以下，<BR>恐將會是最後一波低點，<BR>可惜哥子彈已用盡，<BR>無法加碼<BR>也有可能開盤就直接拉高到19.5，<BR>只能說動作要快<BR>後續仁寶走勢，<BR>有機會帶動台股再度站上12000，<BR>請各位拭目以待,0
21554,1532415545956_F01,2376技嘉明天會大跌嗎@.@?,如是我聞<BR>今天技嘉被沖好沖滿 我也順勢賺一小波58元衝上去的行情<BR>但根據上周跟6.7月的表現來看<BR>明天因該會大跌吧?<BR>又能吃回頭草了??<BR>畢竟這次被動元件害俺賠慘慘<BR>01板我只信80K大神,0
21582,1532499801054_F01,穩懋3105融資要斷頭了 明天周四開低幫進多單幫拉起來,穩懋 明天如開低 融資戶斷頭<BR>想抓底的可以幫我抬轎起來嗎<BR>鴿套在快200...請各位大鴿大弟<BR>幫買3105 明天開低 賭賭看好嗎<BR>拜託各位先進幫宣傳3105明天 融資斷頭<BR>可能有反彈可賺<BR>鴿套在200...99鴿...999鴿 真心不騙 斷頭潮,0
21589,1532510324348_F01,大夢初醒，某股快倒了,這是一個夢<BR>在夢中有個模糊的名子和號碼<BR>33XX，新...<BR>小魯在夢中是個司機<BR>和對方老闆還有某大股東一起吃飯開會<BR>講到公司接近了倒閉的狀態<BR>找不到方法解決<BR>----<BR>夢醒了<BR>明天可以看到綠油油的一片,0
21660,1532712550792_F01,以太坊資金遊戲，明天早上8點就要發行新的Fomo3D 短版，大家應該快進一波F3D~,Fomo3D 短版即將發表，目前P3D 也站上高點，期待明天的高峰。<BR><BR><BR>還沒買的人趕快參考以下文章：P3D 購買教學<BR>或是點我直接購買P3D<BR>加入一起瘋一波吧!,0
21767,1533126930968_F01,請問2349入獄了 是不是要趁出關前找點跑?,"請問下<BR>2349該在多少價位賣<BR>上次入獄盤整 然後出關後 馬上大拉 結果是倒貨= =<BR>明天8/2要入獄 <BR>是不是該找價先跑?也是盤整<BR>不可能主力好心盤整讓散戶都能買到股票""<BR>大盤目前相對高點<BR>萬點<BR>基本面爛的會先倒 信仰不夠 不敢抱這種沒基本面的股<BR>大家會多少價位賣?<BR>我持有20張而已小小戶<BR>",0
21966,1533795147453_F01,被動元件之舞力全開,好了 ~ 所有的消息多空都已經發表完畢 ! 今天爆量留長上引線&短下引線 ! <BR>利空消息利多消息滿天飛 ! 前妻 缺貨 長約 阿布達比 ....<BR>該賣的都賣了 該買的都買了 明天開盤便知生死 .....<BR>KD只要在低檔均線糾結就會往上一段 ! 這一次會不會有例外 ? 是一飛衝天 ? 還是直奔18層地獄 ? <BR>,0
22009,1533913819541_F01,請教上櫃到上市的市價,小弟想請問，假設一間上櫃公司今天市價每股100元，明天要上市了，那明天上市開盤價也會從100元開出嗎?還是不一定..<BR>另外想請問剛上市公司有所謂的前3天或前5天無漲跌幅限制嗎？,0
22043,1534057157231_F01,智力不足阿醜碩士整牙哥萬寶別在亂報股了,阿醜碩士整牙哥<BR>一都在自道自演<BR>現在改名萬寶哦<BR>一下演要告自己 <BR>一下演不告自己<BR>一下發文報股票給人<BR>一下發文說自己新手<BR>一下發文誇大說明天國巨漲停<BR>又誇大標題買華新科搶買<BR><BR>阿醜碩士萬寶哥<BR>你是不是有多重人格？<BR>對了如何破解阿他是不是<BR>很簡單 回文問<BR>對帳單啊！<BR>對帳單啊！<BR>哈哈笑死,0
22075,1534159043459_F01,系統性風險時代..,最有代表性之一的就是<BR>委內瑞拉<BR>股市漲但是幅度遠不及貨幣的跌幅<BR>所以<BR>初期貨幣跌的時候<BR>股市也會跌<BR>但是如果貨幣持續跌價時<BR>當地的股市又成為同種貨幣避險的資產<BR>台灣今天應該也可以算是系統性風險<BR>只是規模很小<BR>而且時間應該很短<BR>應該明天就沒事了...<BR>然後個別股價就開始分化了<BR>不會一面倒的跌..,0
22131,1534318824203_F01,新帳號，爆明牌2 (別問我是誰),旺宏<BR>所以說旺宏賣了沒<BR>沒賣 那等30~31攤平後的反彈點吧 <BR>反彈後賣一賣 我準備繼續空了<BR>被動<BR>今天開低嚇散戶，你輸了嗎。<BR>明天應該會大漲，趕快逃吧。<BR>某KY<BR>495X 今天來到很不錯的買點<BR>準備直直衝<BR>明天空軍，自己小心嘎空<BR><BR>神龍擺尾。,0
22148,1534343370132_F01,2337旺宏多多多 31塊內買多 旺宏旺旺隊準備數錢,空已經賺10塊了 <BR>明天殺低就要回補空單<BR>明天沒意外應該也是百點<BR>空單請31塊上下找點回補<BR>反手作多了 旺宏2337 31塊下 反手作多單 <BR>別像錸德旺旺隊被碩士誤導慘套阿爾卑斯山<BR>旺宏旺旺隊請谷底買進 支持外資新聞用力買多單,0
22167,1534400558870_F01,本宮決定明天加碼....,台股從11000慘摔至今，<BR>看到一些可口價位卻買不了，<BR>不是本宮不願加碼，<BR>而是荷包乾了<BR><BR>不多說，<BR>就是明天，<BR>本宮決定很狠砸台幣，<BR>全力歐硬台股，<BR>誰也別想阻止本宮！,0
22170,1534406524114_F01,連續三天的明牌全對，看不看隨你,昨日：<BR>旺宏<BR>沒賣 那等30~31攤平後的反彈點吧<BR>反彈後賣一賣 我準備繼續空了<BR>被動<BR>今天開低嚇散戶，你輸了嗎。<BR>明天應該會大漲，趕快逃吧。<BR>某KY<BR>495X 今天來到很不錯的買點<BR>準備直直衝<BR>明天空軍，自己小心嘎空<BR>－－－－－－－－－－－－－－－－－－－<BR>算了，各位被大戶玩來玩的孩子們 (不信自己看我翻文章看看)<BR><BR>明天明牌 <BR>被動繼續漲一波<BR>是否轉強看明天<BR>中X系列有一支要飛高高<BR>KY系列<BR>495X 一樣繼續飛高高<BR>想直接問答案? ，不會自己去看盤分析阿!<BR>老子明天當沖哪支 留言報明牌阿,0
22174,1534413933912_F01,既大成鋼30初最佳買點後 在一推薦2020美亞^^,哥在上上個月大成鋼那篇文 一堆胡說八道言論唱雖時<BR>回文<BR>推薦30初回檔 買點 目前已經50了<BR>有沒有跟到都你家的事^^<BR><BR>在一推薦2020美亞 明天回測 股價有綠就大膽買進！,0
22180,1534423110555_F01,基本工資拍板出爐 月薪23100、時薪150,基本工資拍板出爐 月薪23100、時薪150<BR>勞動部今日召開第33次基本工資審議委員會，打破史上最長基本工資審議會議紀錄，歷經7個多小時的馬拉松式拉拔戰，最後採多數決拍板，基本工資將調升5%，月薪從現行的2萬2000元調至2萬3100元，時薪從140元調至150元，預估208萬勞工受惠。<BR>一年一度的基本工資審議會議，由勞、資、學、政四方進行拉鋸戰，從討論、提案、勞資雙方火力角逐、一來一往、再到決議，最後才拍板定案，這項決議需送行政院核定，預定明年元旦起實施。<BR><BR><BR>我在此宣布：經過10年（2008-2018）的努力，未來，22K將成為歷史名詞！ <BR>明天超商股、餐飲股會出現利空賣壓嗎？還是符合預期利空出盡？<BR>明年便當先漲個5元壓壓驚？便當感覺快破百了？<BR>,0
22182,1534434428835_F01,本宮與阿寶相依為命，第四年...,還記得2015年，<BR>別人不要的阿寶，<BR>本宮收下了。<BR><BR>這四年來，<BR>阿寶一直都很爭氣，<BR>明天本宮將會再多領一份薪水，<BR>各位可別流口水了<BR><BR>千萬別羨慕本宮，<BR>因為本宮什麼事也沒做，<BR>只是在長春宮耐心等候，<BR>該有的獲利自然會拿到，<BR>這就叫做細水長流。<BR><BR>,0
22248,1534738505572_F01,極短線 橘子還有融卷2000張 明天強制回補 有機會反彈嗎 !,如果今天買進 ! 明天卷勢必要強制回補 ! 2000張的量 有機會漲個幾% 會不會漲挺賺個零用錢呢?,0
22440,1535372105230_F01,勇者無懼 代發 國巨看942華新科431,明天有殺下來就是要給多軍上車的<BR>國巨超底 先看942<BR>華新科先看431<BR>上波930沒跟到空到賺到一台gogoro的<BR>這次超底 跟上６６６～<BR>哥只是技術線派 有量才有行情 沒到這個價哥賠你^^,0
22472,1535474550831_F01,信貸,今天剛睡醒 精神還沒完全甦醒<BR>跟銀行對保<BR>後來發現不是固定利率 明天就要撥款了 在還沒 撥款 前還有辦法取消這筆貸款嗎因?後來發現是機動計息,0
22654,1536209579149_F01,今天 忍不住 壓了鴻海 但。。發現是錯誤的開始,昨天看到8k大啊 買進股票 想說 未來台灣股神 已經慢慢有樣子了。。。忍不住 買了鴻海 權證 結果 套上了 難道明天要忍痛殺出嗎？,0
22784,1536645423259_F01,107.09.11 揚明光怎麼了?,1:22 PM <BR>委賣跌停 89.1 1131張 <BR>指融資在殺?<BR>如果今天這一千多張沒消化完<BR>指明天再繼續殺?<BR><BR>89.1表示多少錢以上買的人已經斷OO了,0
23212,1538649519834_F01,請問外資期貨未平倉已經低於兩萬口了，,應該有兩年外資未平倉部位都沒有低於兩萬口了<BR>現在這樣是否表示是翻空的意思呢??<BR>明天會開始開始無量下跌的地獄嗎???<BR>,0
23281,1538922857971_F01,請版主直接砍文章...,結案 XD ~ 準備砍文章~<BR>準備迎接明天股市的到來...<BR>找不到方法砍...,0
23401,1539240109453_F01,股災暴跌-668，諧音暗示什麼呢?,這根本就是送分題，<BR>暗示的真明顯，<BR>不過也太可怕了<BR>連收盤數字都這麼會選...<BR>看來明天有87%機率再跌一根,0
23409,1539251747516_F01,美股要去哪裡看,晚上財經新聞可以看美股嗎?@@<BR>明天白天要上班，無法看盤，可是又很擔心手上的股票，我今晚想看看美股，可是不知道要去哪裡看，各位大大可以教一下小妹嗎？謝謝m(_ _)m<BR><BR>and…幾點到幾點是他們開盤收盤？,0
23580,1539748470587_F01,2439主升段美律進場,2439美律進場多單<BR>主升段來了<BR>今天漲停錢都可以追<BR>明天應該強勢跳空漲停<BR>今天有買都可躺平數錢!<BR><BR>偷偷低調說<BR>明年產線確定談好了,0
23638,1539887965227_F01,根據小弟的觀察<期貨篇>,台幣匯率重新挑戰31<BR>美元也站穩95<BR>加上今天美股又大跌<BR>明天可能破前低9740<BR>在此勸說一下明天期貨多單可以開盤市價平<BR>不一定要追空，但是不要操底做多,0
23639,1539889267590_F01,明天準備回萬點，目標不變,明天站回萬點，<BR>想再見到9000多點恐難如登天，<BR>接下來這波漲勢將一路向北，<BR>還好哥完全沒被上週的崩盤嚇傻，<BR>依然淡定的呆在列車上，<BR>等待著轉開向北的鳴笛萌,0
23832,1540449360476_F01,等了一週終於！鴻海減資明天恢復交易,受到美股近期大跌 <BR>明天會補跌<BR>還是開始往上衝衝衝<BR>衝啊200元,0
23835,1540452760190_F01,智原3035,早盤放了個消息害我套了兩張<BR>請問明天要如何操作<BR>個股：ASIC助攻，智原(3035)Q3獲利季增兩倍，Q4營收估季減個位數<BR>2018/10/24 08:29 財訊快報 李純君,0
24019,1540907464366_F01,台股上沖下洗完畢。。反彈波明天正式啟動,買多的。。或者被小小套牢有救了 明天保證開紅盤 收最高。。。。。不信邪 歡迎放空 會被嘎爆唷 至於反彈幾天 幾百點。。。這個我不敢講。。只知道 如果有一天 爆大量長黑下跌 就是走長空的 起始點,0
24228,1541660794479_F01,今天你們有沒有買到康友-KY(6452)跌停板價,股本才7.8億(7.8萬張) <BR>今日成交1.5萬張 (加盤後)<BR>明天會不會漲停一價鎖死?<BR>真 刺 激 !!,0
24477,1542498872879_F01,請益 選舉結果這樣算利多或空？,小弟歸隱山林 不問世事<BR>平常沒在看電視 沒在管社會新聞 也不在乎別人倒底是不是同志 更別說管同志結不結婚<BR>所以這次選舉也沒去 鴉根不知道誰出來選或誰當選了<BR>所以說<BR>這次選舉結果應該出來了吧<BR>算利多或利空<BR>明天會報復性補跌了吧 <BR>之前被政府撐著 害我撿不到便宜很不爽 <BR>總之明天補跌？<BR>,0
24512,1542639074663_F01,明天可以買哪檔,最近有不少公司的股價跌到12個月來的新低<BR>想想年底快到了<BR>是否趁現在進場賺些包紅包的錢<BR>明天如果出手<BR>該選哪檔<BR><BR>,0
24539,1542715677535_F01,選舉前股市多還空？,選舉將近目前手上資金分配大概是這樣<BR>多：空＝7：3<BR>部分資金在數位銀行美元活存領2.2%高利率<BR>選舉前我是看多啦，但是今天又殺下來感覺空方勝利<BR>現在在猶豫明天怎麼操作了<BR>大家怎麼看？,0
24544,1542725590169_F01,不二話。。台股明天開低走開 拉權值股 收紅,買了幾張權值大型股 本來以後會崩盤了 後來被我看到那個東東 不能說的秘密 呼。。。。 可以安心睡覺囉 放心啦 神秘黑手明天又會嘎嘎嗚拉拉,0
24638,1543114075703_F01,明天台股一定噴到你不要不要的,<BR>國民黨完勝，<BR>明天所有台股高達六成漲停，<BR>空軍恐被嘎爆<BR>這次沒買股票的散戶都要乾瞪眼了，<BR>做空的散戶應該會更想哭<BR>,0
24666,1543235438088_F01,大同。。。股價會過份嗎？,早知道早上就給他壓下去 怎麼辦? 很怕明天續噴出 籌碼都在外資大戶那裡。。感覺很集中 明天真的 真的 很想跳下去 擁有幾張。。。哇 可以賺個海陸大餐！ 怎麼辦？,0
24848,1543837583062_F01,裕隆集團董事長嚴凱泰今下午癌逝 享年54歲,裕隆集團集團董事長嚴凱泰今天下午5點45分於榮總罹癌過世，享年54歲。殯葬業者證實，病逝北榮。裕隆集團主管則不願接電話。<BR>今天傍晚，市場一直傳聞嚴凱泰已過世，不過公司都未回應或證實。上周才去看嚴凱泰的朋友，透露嚴凱泰罹患食道癌，但後來癌細胞未獲得控制，已擴散至腦部。<BR>嚴凱泰先前曾傳出罹患食道癌，後來展開積極治療，近兩年還數度現身公司活動，證明身體無恙<BR><BR><BR>2201裕隆與2204中華明天會不會跌停?,0
24910,1544023825901_F01,天阿～今晚美股開盤超大跌,打開APP一看，美股跌到翻掉<BR>真不敢想像明天的台股會如何<BR>真是太可怕了,0
24948,1544152453962_F01,12/6美國股市一開盤又瘋狂跌了,不敢相信明天台股睡醒會如何<BR>大家請保重了,0
25461,1545874632110_F01,股票今天要賣嗎,請問明天還會開紅嗎？<BR>還是把握今天賣掉,0
